domain,india_verdict,category,tagline,logo_url,contacts,socials,state,state_status,category_method,tagline_method,logo_source,state_method,extracted_at
000de8-2.myshopify.com,rejected,,,,[],{},,,,,,,
007airsoft.myshopify.com,rejected,,,,[],{},,,,,,,
00c7c2-14.myshopify.com,rejected,,,,[],{},,,,,,,
00saht-ck.myshopify.com,rejected,,,,[],{},,,,,,,
0171d6-3.myshopify.com,rejected,,,,[],{},,,,,,,
019db4-4f.myshopify.com,rejected,,,,[],{},,,,,,,
01rih0-rr.myshopify.com,rejected,,,,[],{},,,,,,,
01rm4m-iu.myshopify.com,rejected,,,,[],{},,,,,,,
01w5iy-k1.myshopify.com,rejected,,,,[],{},,,,,,,
01zh5t-ag.myshopify.com,rejected,,,,[],{},,,,,,,
02-0457aa-mol.myshopify.com,rejected,,,,[],{},,,,,,,
02-0678aa-mol.myshopify.com,rejected,,,,[],{},,,,,,,
0297b7-2.myshopify.com,rejected,,,,[],{},,,,,,,
02ac41-2.myshopify.com,rejected,,,,[],{},,,,,,,
02b428-a3.myshopify.com,rejected,,,,[],{},,,,,,,
02c8ee-2.myshopify.com,rejected,,,,[],{},,,,,,,
02cd50.myshopify.com,rejected,,,,[],{},,,,,,,
02e469.myshopify.com,rejected,,,,[],{},,,,,,,
03-0274aa-mol.myshopify.com,rejected,,,,[],{},,,,,,,
031cda-c4.myshopify.com,rejected,,,,[],{},,,,,,,
0335fc.myshopify.com,rejected,,,,[],{},,,,,,,
0344f7-15.myshopify.com,rejected,,,,[],{},,,,,,,
037f0c-a3.myshopify.com,rejected,,,,[],{},,,,,,,
03cqa1-pj.myshopify.com,rejected,,,,[],{},,,,,,,
03f6ac-3.myshopify.com,rejected,,,,[],{},,,,,,,
03f86c.myshopify.com,rejected,,,,[],{},,,,,,,
04-0777aa-mol.myshopify.com,rejected,,,,[],{},,,,,,,
04-1635aa-mol.myshopify.com,rejected,,,,[],{},,,,,,,
04-1642aa-mol.myshopify.com,rejected,,,,[],{},,,,,,,
04-2277aa-mol.myshopify.com,rejected,,,,[],{},,,,,,,
041dee-7e.myshopify.com,rejected,,,,[],{},,,,,,,
04a5de-2.myshopify.com,rejected,,,,[],{},,,,,,,
050831-41.myshopify.com,rejected,,,,[],{},,,,,,,
05b386-4.myshopify.com,rejected,,,,[],{},,,,,,,
05bf95.myshopify.com,rejected,,,,[],{},,,,,,,
05f18n-xj.myshopify.com,rejected,,,,[],{},,,,,,,
068qt2-pi.myshopify.com,rejected,,,,[],{},,,,,,,
06bhpw-qp.myshopify.com,rejected,,,,[],{},,,,,,,
0711bike.myshopify.com,rejected,,,,[],{},,,,,,,
07ua0f-70.myshopify.com,rejected,,,,[],{},,,,,,,
082ab9.myshopify.com,rejected,,,,[],{},,,,,,,
082dc6.myshopify.com,rejected,,,,[],{},,,,,,,
08321f-b6.myshopify.com,rejected,,,,[],{},,,,,,,
08484f.myshopify.com,rejected,,,,[],{},,,,,,,
086ae7-6f.myshopify.com,rejected,,,,[],{},,,,,,,
08774b-2.myshopify.com,rejected,,,,[],{},,,,,,,
09638d.myshopify.com,rejected,,,,[],{},,,,,,,
09b698.myshopify.com,rejected,,,,[],{},,,,,,,
09d801-88.myshopify.com,rejected,,,,[],{},,,,,,,
09jfmb-8s.myshopify.com,rejected,,,,[],{},,,,,,,
0a80ae.myshopify.com,rejected,,,,[],{},,,,,,,
0a9176-e8.myshopify.com,rejected,,,,[],{},,,,,,,
0avzhh-hg.myshopify.com,rejected,,,,[],{},,,,,,,
0ba5d4.myshopify.com,rejected,,,,[],{},,,,,,,
0c0ewa-5x.myshopify.com,rejected,,,,[],{},,,,,,,
0c2232-01.myshopify.com,rejected,,,,[],{},,,,,,,
0c4c53-4.myshopify.com,rejected,,,,[],{},,,,,,,
0c4f1d-2.myshopify.com,rejected,,,,[],{},,,,,,,
0c885d-2.myshopify.com,rejected,,,,[],{},,,,,,,
0d0ac8.myshopify.com,rejected,,,,[],{},,,,,,,
0db267-66.myshopify.com,rejected,,,,[],{},,,,,,,
0dqpme-0p.myshopify.com,rejected,,,,[],{},,,,,,,
0e03ht-p0.myshopify.com,rejected,,,,[],{},,,,,,,
0e41fe.myshopify.com,rejected,,,,[],{},,,,,,,
0e747e-c5.myshopify.com,rejected,,,,[],{},,,,,,,
0e7d78-4a.myshopify.com,rejected,,,,[],{},,,,,,,
0e8c62.myshopify.com,rejected,,,,[],{},,,,,,,
0ed29b-34.myshopify.com,rejected,,,,[],{},,,,,,,
0efgfp-it.myshopify.com,rejected,,,,[],{},,,,,,,
0eipf7-8s.myshopify.com,rejected,,,,[],{},,,,,,,
0ekbcw-9p.myshopify.com,rejected,,,,[],{},,,,,,,
0em7hx-xe.myshopify.com,rejected,,,,[],{},,,,,,,
0erhb6-id.myshopify.com,rejected,,,,[],{},,,,,,,
0evzza-t1.myshopify.com,rejected,,,,[],{},,,,,,,
0f03uj-mx.myshopify.com,rejected,,,,[],{},,,,,,,
0f64f6-8c.myshopify.com,rejected,,,,[],{},,,,,,,
0f7735-04.myshopify.com,rejected,,,,[],{},,,,,,,
0fa18e-3.myshopify.com,rejected,,,,[],{},,,,,,,
0fc784-41.myshopify.com,rejected,,,,[],{},,,,,,,
0fr9mr-00.myshopify.com,rejected,,,,[],{},,,,,,,
0hjgb9-3a.myshopify.com,rejected,,,,[],{},,,,,,,
0hnb20-tz.myshopify.com,rejected,,,,[],{},,,,,,,
0jsn5c-qn.myshopify.com,rejected,,,,[],{},,,,,,,
0kjpgs-ti.myshopify.com,rejected,,,,[],{},,,,,,,
0kvzug-j2.myshopify.com,rejected,,,,[],{},,,,,,,
0m7fnh-ud.myshopify.com,rejected,,,,[],{},,,,,,,
0mm7qn-pn.myshopify.com,rejected,,,,[],{},,,,,,,
0mmcpf-jn.myshopify.com,rejected,,,,[],{},,,,,,,
0mq05q-nw.myshopify.com,rejected,,,,[],{},,,,,,,
0p8gka-7m.myshopify.com,rejected,,,,[],{},,,,,,,
0pawiz-1z.myshopify.com,rejected,,,,[],{},,,,,,,
0qfr2i-tf.myshopify.com,rejected,,,,[],{},,,,,,,
0r54vb-3m.myshopify.com,rejected,,,,[],{},,,,,,,
0v8rzz-hy.myshopify.com,rejected,,,,[],{},,,,,,,
0vzdws-wr.myshopify.com,rejected,,,,[],{},,,,,,,
0wcepq-qh.myshopify.com,rejected,,,,[],{},,,,,,,
0wne1c-qh.myshopify.com,rejected,,,,[],{},,,,,,,
0wzira-se.myshopify.com,rejected,,,,[],{},,,,,,,
0xkuqs-ra.myshopify.com,rejected,,,,[],{},,,,,,,
0ypvdb-0y.myshopify.com,rejected,,,,[],{},,,,,,,
1-866-lit-xmas.myshopify.com,rejected,,,,[],{},,,,,,,
1-happy-girl.myshopify.com,rejected,,,,[],{},,,,,,,
1-pcreativenergy.myshopify.com,rejected,,,,[],{},,,,,,,
10-0846aa-mol.myshopify.com,rejected,,,,[],{},,,,,,,
10000minutes.myshopify.com,rejected,,,,[],{},,,,,,,
1008stores.myshopify.com,rejected,,,,[],{},,,,,,,
10090d.myshopify.com,rejected,,,,[],{},,,,,,,
100actsofsewing.myshopify.com,rejected,,,,[],{},,,,,,,
102c33-d8.myshopify.com,rejected,,,,[],{},,,,,,,
109tool.myshopify.com,rejected,,,,[],{},,,,,,,
10eh8q-he.myshopify.com,rejected,,,,[],{},,,,,,,
10exsu-y1.myshopify.com,rejected,,,,[],{},,,,,,,
10m4ga-f2.myshopify.com,rejected,,,,[],{},,,,,,,
10minuteworkshop.myshopify.com,rejected,,,,[],{},,,,,,,
10tal.myshopify.com,rejected,,,,[],{},,,,,,,
10thplanetmichigan.myshopify.com,rejected,,,,[],{},,,,,,,
10thplanetwebstore.myshopify.com,rejected,,,,[],{},,,,,,,
1111fragrance.myshopify.com,rejected,,,,[],{},,,,,,,
111skinuk.myshopify.com,rejected,,,,[],{},,,,,,,
1130rt-in.myshopify.com,rejected,,,,[],{},,,,,,,
114d48-2.myshopify.com,rejected,,,,[],{},,,,,,,
116603-2.myshopify.com,rejected,,,,[],{},,,,,,,
118bed-3.myshopify.com,rejected,,,,[],{},,,,,,,
119ddb-4.myshopify.com,rejected,,,,[],{},,,,,,,
11r1w1-sw.myshopify.com,rejected,,,,[],{},,,,,,,
11vqfi-ue.myshopify.com,rejected,,,,[],{},,,,,,,
123tpg.myshopify.com,rejected,,,,[],{},,,,,,,
123west.myshopify.com,rejected,,,,[],{},,,,,,,
123wow-store.myshopify.com,rejected,,,,[],{},,,,,,,
1250ships-com.myshopify.com,rejected,,,,[],{},,,,,,,
128cfa-90.myshopify.com,rejected,,,,[],{},,,,,,,
1291f8.myshopify.com,rejected,,,,[],{},,,,,,,
129e33-ac.myshopify.com,rejected,,,,[],{},,,,,,,
12b14c-eb.myshopify.com,rejected,,,,[],{},,,,,,,
12timbers.myshopify.com,rejected,,,,[],{},,,,,,,
12tonar.myshopify.com,rejected,,,,[],{},,,,,,,
12wpb6-df.myshopify.com,rejected,,,,[],{},,,,,,,
13-13-perfumery-2.myshopify.com,rejected,,,,[],{},,,,,,,
1324d4-f7.myshopify.com,rejected,,,,[],{},,,,,,,
133abb-2.myshopify.com,rejected,,,,[],{},,,,,,,
135f7d.myshopify.com,rejected,,,,[],{},,,,,,,
13z7c1-7s.myshopify.com,rejected,,,,[],{},,,,,,,
14-hill-gift-shop.myshopify.com,rejected,,,,[],{},,,,,,,
14-spice.myshopify.com,rejected,,,,[],{},,,,,,,
141-design-company-2.myshopify.com,rejected,,,,[],{},,,,,,,
14996f-2.myshopify.com,rejected,,,,[],{},,,,,,,
14bisness.myshopify.com,rejected,,,,[],{},,,,,,,
14point7.myshopify.com,rejected,,,,[],{},,,,,,,
15-0319aa-mol.myshopify.com,rejected,,,,[],{},,,,,,,
15-5416aa-mol.myshopify.com,rejected,,,,[],{},,,,,,,
1567b5-2d.myshopify.com,rejected,,,,[],{},,,,,,,
1596c5.myshopify.com,rejected,,,,[],{},,,,,,,
159b64-32.myshopify.com,rejected,,,,[],{},,,,,,,
15a5f0-7c.myshopify.com,rejected,,,,[],{},,,,,,,
15adf8.myshopify.com,rejected,,,,[],{},,,,,,,
15feb0-2.myshopify.com,rejected,,,,[],{},,,,,,,
16b8a1.myshopify.com,rejected,,,,[],{},,,,,,,
16f7a9-3.myshopify.com,rejected,,,,[],{},,,,,,,
17-0387aa-mol.myshopify.com,rejected,,,,[],{},,,,,,,
173-mercantile.myshopify.com,rejected,,,,[],{},,,,,,,
1744uk.myshopify.com,rejected,,,,[],{},,,,,,,
174739.myshopify.com,rejected,,,,[],{},,,,,,,
175b37-7d.myshopify.com,rejected,,,,[],{},,,,,,,
176012.myshopify.com,rejected,,,,[],{},,,,,,,
1776foundation.myshopify.com,rejected,,,,[],{},,,,,,,
17886c-08.myshopify.com,rejected,,,,[],{},,,,,,,
1793cf-4.myshopify.com,rejected,,,,[],{},,,,,,,
17e38b.myshopify.com,rejected,,,,[],{},,,,,,,
17track.myshopify.com,rejected,,,,[],{},,,,,,,
1800stencil.myshopify.com,rejected,,,,[],{},,,,,,,
1836customdesigns.myshopify.com,rejected,,,,[],{},,,,,,,
1859-northwest.myshopify.com,rejected,,,,[],{},,,,,,,
186card-7696.myshopify.com,rejected,,,,[],{},,,,,,,
1891homestead.myshopify.com,rejected,,,,[],{},,,,,,,
18delpero.myshopify.com,rejected,,,,[],{},,,,,,,
191d1v-n2.myshopify.com,rejected,,,,[],{},,,,,,,
1920-fashion-dress.myshopify.com,rejected,,,,[],{},,,,,,,
193bhy-wv.myshopify.com,rejected,,,,[],{},,,,,,,
19c97d-2.myshopify.com,rejected,,,,[],{},,,,,,,
1a3b35.myshopify.com,rejected,,,,[],{},,,,,,,
1a896f-60.myshopify.com,rejected,,,,[],{},,,,,,,
1acicu-jm.myshopify.com,rejected,,,,[],{},,,,,,,
1af0f1-2.myshopify.com,rejected,,,,[],{},,,,,,,
1af473-cd.myshopify.com,rejected,,,,[],{},,,,,,,
1agh0v-s3.myshopify.com,rejected,,,,[],{},,,,,,,
1b1djb-qh.myshopify.com,rejected,,,,[],{},,,,,,,
1b5546-3.myshopify.com,rejected,,,,[],{},,,,,,,
1b5db5-3.myshopify.com,rejected,,,,[],{},,,,,,,
1bb628-9e.myshopify.com,rejected,,,,[],{},,,,,,,
1bcbrh-va.myshopify.com,rejected,,,,[],{},,,,,,,
1bfba6-ca.myshopify.com,rejected,,,,[],{},,,,,,,
1bidip-a1.myshopify.com,rejected,,,,[],{},,,,,,,
1bipdg-8e.myshopify.com,rejected,,,,[],{},,,,,,,
1c34d9.myshopify.com,rejected,,,,[],{},,,,,,,
1c9zj1-rx.myshopify.com,rejected,,,,[],{},,,,,,,
1ccba2-3a.myshopify.com,rejected,,,,[],{},,,,,,,
1ce797.myshopify.com,rejected,,,,[],{},,,,,,,
1cf63c-3.myshopify.com,rejected,,,,[],{},,,,,,,
1cneeh-z8.myshopify.com,rejected,,,,[],{},,,,,,,
1d0e18.myshopify.com,rejected,,,,[],{},,,,,,,
1d356f-2.myshopify.com,rejected,,,,[],{},,,,,,,
1d3abd-2.myshopify.com,rejected,,,,[],{},,,,,,,
1d4c17-d1.myshopify.com,rejected,,,,[],{},,,,,,,
1d8698-00.myshopify.com,rejected,,,,[],{},,,,,,,
1d99f1-18.myshopify.com,rejected,,,,[],{},,,,,,,
1dc354-95.myshopify.com,rejected,,,,[],{},,,,,,,
1de402.myshopify.com,rejected,,,,[],{},,,,,,,
1deef5-2.myshopify.com,rejected,,,,[],{},,,,,,,
1deztr-1m.myshopify.com,rejected,,,,[],{},,,,,,,
1df4e3-31.myshopify.com,rejected,,,,[],{},,,,,,,
1ds4cg-mw.myshopify.com,rejected,,,,[],{},,,,,,,
1e0b9e-ed.myshopify.com,rejected,,,,[],{},,,,,,,
1e2fdc-2.myshopify.com,rejected,,,,[],{},,,,,,,
1e7x1u-pq.myshopify.com,rejected,,,,[],{},,,,,,,
1efda4-8e.myshopify.com,rejected,,,,[],{},,,,,,,
1ex5jb-sk.myshopify.com,rejected,,,,[],{},,,,,,,
1f6ab5-4.myshopify.com,rejected,,,,[],{},,,,,,,
1ff354-3.myshopify.com,rejected,,,,[],{},,,,,,,
1finis-uk.myshopify.com,rejected,,,,[],{},,,,,,,
1fruns-0q.myshopify.com,rejected,,,,[],{},,,,,,,
1fv1xr-hx.myshopify.com,rejected,,,,[],{},,,,,,,
1gpmsv-1d.myshopify.com,rejected,,,,[],{},,,,,,,
1hargt-tv.myshopify.com,rejected,,,,[],{},,,,,,,
1hqdus-7j.myshopify.com,rejected,,,,[],{},,,,,,,
1ihdqs-hn.myshopify.com,rejected,,,,[],{},,,,,,,
1iq6r0-ti.myshopify.com,rejected,,,,[],{},,,,,,,
1iyuzi-n3.myshopify.com,rejected,,,,[],{},,,,,,,
1j1wqw-t0.myshopify.com,rejected,,,,[],{},,,,,,,
1kure8-7w.myshopify.com,rejected,,,,[],{},,,,,,,
1m31yt-bc.myshopify.com,rejected,,,,[],{},,,,,,,
1minmeditation.myshopify.com,rejected,,,,[],{},,,,,,,
1nqn1u-ni.myshopify.com,rejected,,,,[],{},,,,,,,
1ofaknd.myshopify.com,rejected,,,,[],{},,,,,,,
1qwzks-4e.myshopify.com,rejected,,,,[],{},,,,,,,
1rqbps-ck.myshopify.com,rejected,,,,[],{},,,,,,,
1st-choice-fruit-veg.myshopify.com,rejected,,,,[],{},,,,,,,
1st-tix.myshopify.com,rejected,,,,[],{},,,,,,,
1stopclickshop.myshopify.com,rejected,,,,[],{},,,,,,,
1upgamesgeorgia.myshopify.com,rejected,,,,[],{},,,,,,,
1wugju-y8.myshopify.com,rejected,,,,[],{},,,,,,,
1x31p0-uz.myshopify.com,rejected,,,,[],{},,,,,,,
1xt1gr-hk.myshopify.com,rejected,,,,[],{},,,,,,,
1ymbyd-gc.myshopify.com,rejected,,,,[],{},,,,,,,
1yznzn-5h.myshopify.com,rejected,,,,[],{},,,,,,,
1zmdmd-x4.myshopify.com,rejected,,,,[],{},,,,,,,
2-wee-lassies.myshopify.com,rejected,,,,[],{},,,,,,,
20-minute-guide.myshopify.com,rejected,,,,[],{},,,,,,,
2002carpets.myshopify.com,rejected,,,,[],{},,,,,,,
200911-2.myshopify.com,rejected,,,,[],{},,,,,,,
201919-99.myshopify.com,rejected,,,,[],{},,,,,,,
204107-57.myshopify.com,rejected,,,,[],{},,,,,,,
208913-0e.myshopify.com,rejected,,,,[],{},,,,,,,
20a254-6e.myshopify.com,rejected,,,,[],{},,,,,,,
20e1ac-7e.myshopify.com,rejected,,,,[],{},,,,,,,
20k0tx-mk.myshopify.com,rejected,,,,[],{},,,,,,,
20nd2x-v2.myshopify.com,rejected,,,,[],{},,,,,,,
21-degrees-estate-cacao-farm.myshopify.com,rejected,,,,[],{},,,,,,,
215dab-36.myshopify.com,rejected,,,,[],{},,,,,,,
217e4f.myshopify.com,rejected,,,,[],{},,,,,,,
218c.myshopify.com,rejected,,,,[],{},,,,,,,
2196d7-b6.myshopify.com,rejected,,,,[],{},,,,,,,
21e486.myshopify.com,rejected,,,,[],{},,,,,,,
21st-amendment.myshopify.com,rejected,,,,[],{},,,,,,,
22-until-none.myshopify.com,rejected,,,,[],{},,,,,,,
221843.myshopify.com,rejected,,,,[],{},,,,,,,
22kill.myshopify.com,rejected,,,,[],{},,,,,,,
23-0846aa-mol.myshopify.com,rejected,,,,[],{},,,,,,,
23-7-global-inc.myshopify.com,rejected,,,,[],{},,,,,,,
230b4d-2.myshopify.com,rejected,,,,[],{},,,,,,,
2326fb-4.myshopify.com,rejected,,,,[],{},,,,,,,
2348f9-4.myshopify.com,rejected,,,,[],{},,,,,,,
23a295-06.myshopify.com,rejected,,,,[],{},,,,,,,
23c641-90.myshopify.com,rejected,,,,[],{},,,,,,,
23cc02.myshopify.com,rejected,,,,[],{},,,,,,,
23ec80-67.myshopify.com,rejected,,,,[],{},,,,,,,
23plusone.myshopify.com,rejected,,,,[],{},,,,,,,
24-0003aa-mol.myshopify.com,rejected,,,,[],{},,,,,,,
24-7-daddyhood.myshopify.com,rejected,,,,[],{},,,,,,,
24-hype-store.myshopify.com,rejected,,,,[],{},,,,,,,
246404-3.myshopify.com,rejected,,,,[],{},,,,,,,
247-ad-cleaning.myshopify.com,rejected,,,,[],{},,,,,,,
247drums.myshopify.com,rejected,,,,[],{},,,,,,,
24993b-ca.myshopify.com,rejected,,,,[],{},,,,,,,
24aafd-e7.myshopify.com,rejected,,,,[],{},,,,,,,
24abaf-2.myshopify.com,rejected,,,,[],{},,,,,,,
24c584-4c.myshopify.com,rejected,,,,[],{},,,,,,,
24cb8t-ay.myshopify.com,rejected,,,,[],{},,,,,,,
24hdt.myshopify.com,rejected,,,,[],{},,,,,,,
25-silver-boutique.myshopify.com,rejected,,,,[],{},,,,,,,
25574d-f4.myshopify.com,rejected,,,,[],{},,,,,,,
2576e8-3.myshopify.com,rejected,,,,[],{},,,,,,,
25a1c0-3.myshopify.com,rejected,,,,[],{},,,,,,,
2600-magazine.myshopify.com,rejected,,,,[],{},,,,,,,
265e1d-f5.myshopify.com,rejected,,,,[],{},,,,,,,
26da34.myshopify.com,rejected,,,,[],{},,,,,,,
2758a0-2.myshopify.com,rejected,,,,[],{},,,,,,,
275dcf-e5.myshopify.com,rejected,,,,[],{},,,,,,,
276a63-2.myshopify.com,rejected,,,,[],{},,,,,,,
27bdc9-3.myshopify.com,rejected,,,,[],{},,,,,,,
27c6d8.myshopify.com,rejected,,,,[],{},,,,,,,
282367-7f.myshopify.com,rejected,,,,[],{},,,,,,,
287ranchsupply.myshopify.com,rejected,,,,[],{},,,,,,,
288068-2.myshopify.com,rejected,,,,[],{},,,,,,,
29-bridges-studio.myshopify.com,rejected,,,,[],{},,,,,,,
29-cornflakes.myshopify.com,rejected,,,,[],{},,,,,,,
29743b.myshopify.com,rejected,,,,[],{},,,,,,,
29elevenstore.myshopify.com,rejected,,,,[],{},,,,,,,
2a84c0-2.myshopify.com,rejected,,,,[],{},,,,,,,
2aa9e8-2.myshopify.com,rejected,,,,[],{},,,,,,,
2ab5cb-da.myshopify.com,rejected,,,,[],{},,,,,,,
2abb3c-ee.myshopify.com,rejected,,,,[],{},,,,,,,
2ac197-3.myshopify.com,rejected,,,,[],{},,,,,,,
2afdaa.myshopify.com,rejected,,,,[],{},,,,,,,
2alpha-training-group.myshopify.com,rejected,,,,[],{},,,,,,,
2b-blingin.myshopify.com,rejected,,,,[],{},,,,,,,
2b0569-2.myshopify.com,rejected,,,,[],{},,,,,,,
2b2c.myshopify.com,rejected,,,,[],{},,,,,,,
2b347c-2.myshopify.com,rejected,,,,[],{},,,,,,,
2b8b17-4.myshopify.com,rejected,,,,[],{},,,,,,,
2b9547.myshopify.com,rejected,,,,[],{},,,,,,,
2broketeachers.myshopify.com,rejected,,,,[],{},,,,,,,
2c2600-dc.myshopify.com,rejected,,,,[],{},,,,,,,
2c4892-cd.myshopify.com,rejected,,,,[],{},,,,,,,
2c5bcc-2.myshopify.com,rejected,,,,[],{},,,,,,,
2ce0e1-4.myshopify.com,rejected,,,,[],{},,,,,,,
2cmadeit.myshopify.com,rejected,,,,[],{},,,,,,,
2d3418-61.myshopify.com,rejected,,,,[],{},,,,,,,
2d9141.myshopify.com,rejected,,,,[],{},,,,,,,
2damoontv.myshopify.com,rejected,,,,[],{},,,,,,,
2dddce-f0.myshopify.com,rejected,,,,[],{},,,,,,,
2di0ga-nd.myshopify.com,rejected,,,,[],{},,,,,,,
2eaa8b-2.myshopify.com,rejected,,,,[],{},,,,,,,
2eadd8-5.myshopify.com,rejected,,,,[],{},,,,,,,
2f5664.myshopify.com,rejected,,,,[],{},,,,,,,
2fast-performance.myshopify.com,rejected,,,,[],{},,,,,,,
2fastshop.myshopify.com,rejected,,,,[],{},,,,,,,
2fb1ef-1c.myshopify.com,rejected,,,,[],{},,,,,,,
2h2d.myshopify.com,rejected,,,,[],{},,,,,,,
2iaiph-ar.myshopify.com,rejected,,,,[],{},,,,,,,
2ik6nf-sd.myshopify.com,rejected,,,,[],{},,,,,,,
2imhj8-qr.myshopify.com,rejected,,,,[],{},,,,,,,
2jv0gq-rc.myshopify.com,rejected,,,,[],{},,,,,,,
2knowmusic.myshopify.com,rejected,,,,[],{},,,,,,,
2n4qtw-m0.myshopify.com,rejected,,,,[],{},,,,,,,
2nmxah-u1.myshopify.com,rejected,,,,[],{},,,,,,,
2rj1vp-gp.myshopify.com,rejected,,,,[],{},,,,,,,
2rt-bss-ga.myshopify.com,rejected,,,,[],{},,,,,,,
2sistersfarms.myshopify.com,rejected,,,,[],{},,,,,,,
2ttoys.myshopify.com,rejected,,,,[],{},,,,,,,
2zip.myshopify.com,rejected,,,,[],{},,,,,,,
3-daughters-brewing.myshopify.com,rejected,,,,[],{},,,,,,,
3-event-store.myshopify.com,rejected,,,,[],{},,,,,,,
3-nugateers-inc.myshopify.com,rejected,,,,[],{},,,,,,,
3-rivers-outdoor-co.myshopify.com,rejected,,,,[],{},,,,,,,
3-sisters-archive.myshopify.com,rejected,,,,[],{},,,,,,,
30-0370aa-mol.myshopify.com,rejected,,,,[],{},,,,,,,
300-letters.myshopify.com,rejected,,,,[],{},,,,,,,
30133b-78.myshopify.com,rejected,,,,[],{},,,,,,,
303diecastshop.in,rejected,,,,[],{},,,,,,,
305bb8-3.myshopify.com,rejected,,,,[],{},,,,,,,
3067fa-2.myshopify.com,rejected,,,,[],{},,,,,,,
307wyoming.myshopify.com,rejected,,,,[],{},,,,,,,
30dbd4-2.myshopify.com,rejected,,,,[],{},,,,,,,
30ffa9-99.myshopify.com,rejected,,,,[],{},,,,,,,
31-0077aa-mol.myshopify.com,rejected,,,,[],{},,,,,,,
310-brown-street.myshopify.com,rejected,,,,[],{},,,,,,,
31243f-5.myshopify.com,rejected,,,,[],{},,,,,,,
313-body.myshopify.com,rejected,,,,[],{},,,,,,,
313beautysupply.myshopify.com,rejected,,,,[],{},,,,,,,
314f2e.myshopify.com,rejected,,,,[],{},,,,,,,
31a503-18.myshopify.com,rejected,,,,[],{},,,,,,,
31a938.myshopify.com,rejected,,,,[],{},,,,,,,
31rz3h-vq.myshopify.com,rejected,,,,[],{},,,,,,,
31sbc.myshopify.com,rejected,,,,[],{},,,,,,,
31westgate.myshopify.com,rejected,,,,[],{},,,,,,,
320south.myshopify.com,rejected,,,,[],{},,,,,,,
321-glo.myshopify.com,rejected,,,,[],{},,,,,,,
3239d5.myshopify.com,rejected,,,,[],{},,,,,,,
32e5c1.myshopify.com,rejected,,,,[],{},,,,,,,
330fbf-5.myshopify.com,rejected,,,,[],{},,,,,,,
330printco.myshopify.com,rejected,,,,[],{},,,,,,,
333d36.myshopify.com,rejected,,,,[],{},,,,,,,
334a2a-3.myshopify.com,rejected,,,,[],{},,,,,,,
336251-e9.myshopify.com,rejected,,,,[],{},,,,,,,
339852.myshopify.com,rejected,,,,[],{},,,,,,,
34-0086aa-mol.myshopify.com,rejected,,,,[],{},,,,,,,
34-3855aa-mol.myshopify.com,rejected,,,,[],{},,,,,,,
340aa2.myshopify.com,rejected,,,,[],{},,,,,,,
3460ae.myshopify.com,rejected,,,,[],{},,,,,,,
34655f-2d.myshopify.com,rejected,,,,[],{},,,,,,,
346grit.myshopify.com,rejected,,,,[],{},,,,,,,
34b5c2-c8.myshopify.com,rejected,,,,[],{},,,,,,,
3507df-7.myshopify.com,rejected,,,,[],{},,,,,,,
356bfd-2.myshopify.com,rejected,,,,[],{},,,,,,,
358bf8-4.myshopify.com,rejected,,,,[],{},,,,,,,
35a0c3-3.myshopify.com,rejected,,,,[],{},,,,,,,
360-fitness-superstore-ca.myshopify.com,rejected,,,,[],{},,,,,,,
360-medicine.myshopify.com,rejected,,,,[],{},,,,,,,
360cookware.myshopify.com,rejected,,,,[],{},,,,,,,
360sports.in,rejected,,,,[],{},,,,,,,
3657b3-38.myshopify.com,rejected,,,,[],{},,,,,,,
365farma.myshopify.com,rejected,,,,[],{},,,,,,,
36a995.myshopify.com,rejected,,,,[],{},,,,,,,
3710ac-14.myshopify.com,rejected,,,,[],{},,,,,,,
37335e-74.myshopify.com,rejected,,,,[],{},,,,,,,
382743-2.myshopify.com,rejected,,,,[],{},,,,,,,
38555e-7f.myshopify.com,rejected,,,,[],{},,,,,,,
386717-2.myshopify.com,rejected,,,,[],{},,,,,,,
386aba-2.myshopify.com,rejected,,,,[],{},,,,,,,
3896c2-11.myshopify.com,rejected,,,,[],{},,,,,,,
38b6ac.myshopify.com,rejected,,,,[],{},,,,,,,
39-0933aa-mol.myshopify.com,rejected,,,,[],{},,,,,,,
3962c2.myshopify.com,rejected,,,,[],{},,,,,,,
3986cd-1d.myshopify.com,rejected,,,,[],{},,,,,,,
39b726-05.myshopify.com,rejected,,,,[],{},,,,,,,
3a62b7.myshopify.com,rejected,,,,[],{},,,,,,,
3a6dde.myshopify.com,rejected,,,,[],{},,,,,,,
3aaf3f-0b.myshopify.com,rejected,,,,[],{},,,,,,,
3aws0s-jw.myshopify.com,rejected,,,,[],{},,,,,,,
3bclothingtx.myshopify.com,rejected,,,,[],{},,,,,,,
3bea18-2.myshopify.com,rejected,,,,[],{},,,,,,,
3beesandme.myshopify.com,rejected,,,,[],{},,,,,,,
3c1c92-a3.myshopify.com,rejected,,,,[],{},,,,,,,
3cc513-2.myshopify.com,rejected,,,,[],{},,,,,,,
3cdd86-53.myshopify.com,rejected,,,,[],{},,,,,,,
3ce004-3.myshopify.com,rejected,,,,[],{},,,,,,,
3cocottes.myshopify.com,rejected,,,,[],{},,,,,,,
3cr-shop.myshopify.com,rejected,,,,[],{},,,,,,,
3d19d8-2.myshopify.com,rejected,,,,[],{},,,,,,,
3d4makers-com.myshopify.com,rejected,,,,[],{},,,,,,,
3d81e9.myshopify.com,rejected,,,,[],{},,,,,,,
3dab9a-07.myshopify.com,rejected,,,,[],{},,,,,,,
3dcreatables.myshopify.com,rejected,,,,[],{},,,,,,,
3dd072-55.myshopify.com,rejected,,,,[],{},,,,,,,
3dmingdaofficial.myshopify.com,rejected,,,,[],{},,,,,,,
3dreams-shop-at.myshopify.com,rejected,,,,[],{},,,,,,,
3dstage.myshopify.com,rejected,,,,[],{},,,,,,,
3e2f0c-7c.myshopify.com,rejected,,,,[],{},,,,,,,
3e8f06.myshopify.com,rejected,,,,[],{},,,,,,,
3eae14.myshopify.com,rejected,,,,[],{},,,,,,,
3f5057-2.myshopify.com,rejected,,,,[],{},,,,,,,
3f948f-3.myshopify.com,rejected,,,,[],{},,,,,,,
3fb0d1-3.myshopify.com,rejected,,,,[],{},,,,,,,
3fc58b.myshopify.com,rejected,,,,[],{},,,,,,,
3fc905.myshopify.com,rejected,,,,[],{},,,,,,,
3fcdd0-c4.myshopify.com,rejected,,,,[],{},,,,,,,
3ffd6f-3.myshopify.com,rejected,,,,[],{},,,,,,,
3l-publishing.myshopify.com,rejected,,,,[],{},,,,,,,
3l-waist-beads.myshopify.com,rejected,,,,[],{},,,,,,,
3m-training-graphics.myshopify.com,rejected,,,,[],{},,,,,,,
3mfilmcollateral.myshopify.com,rejected,,,,[],{},,,,,,,
3n2mainsite.myshopify.com,rejected,,,,[],{},,,,,,,
3ngm0u-b0.myshopify.com,rejected,,,,[],{},,,,,,,
3rd-act.myshopify.com,rejected,,,,[],{},,,,,,,
3rd-lindsley.myshopify.com,rejected,,,,[],{},,,,,,,
3rdfocus.myshopify.com,rejected,,,,[],{},,,,,,,
3rdwaveapparel.myshopify.com,rejected,,,,[],{},,,,,,,
3rgaming.myshopify.com,rejected,,,,[],{},,,,,,,
3sytpc-dy.myshopify.com,rejected,,,,[],{},,,,,,,
3up-kyoto.myshopify.com,rejected,,,,[],{},,,,,,,
3uss0i-cf.myshopify.com,rejected,,,,[],{},,,,,,,
3vitbf-ba.myshopify.com,rejected,,,,[],{},,,,,,,
3w1irx-nc.myshopify.com,rejected,,,,[],{},,,,,,,
3w3m.myshopify.com,rejected,,,,[],{},,,,,,,
3ydrgc-u5.myshopify.com,rejected,,,,[],{},,,,,,,
3zeiff.myshopify.com,rejected,,,,[],{},,,,,,,
3zsj0g-iz.myshopify.com,rejected,,,,[],{},,,,,,,
4-dental-docs.myshopify.com,rejected,,,,[],{},,,,,,,
4-little-hearts.myshopify.com,rejected,,,,[],{},,,,,,,
4-seasons-coffee.myshopify.com,rejected,,,,[],{},,,,,,,
4-the-love-of-thingz.myshopify.com,rejected,,,,[],{},,,,,,,
400-rs-home-design.myshopify.com,rejected,,,,[],{},,,,,,,
401af2.myshopify.com,rejected,,,,[],{},,,,,,,
405ef5-2.myshopify.com,rejected,,,,[],{},,,,,,,
407731-2.myshopify.com,rejected,,,,[],{},,,,,,,
40ab04-2.myshopify.com,rejected,,,,[],{},,,,,,,
40bfb1.myshopify.com,rejected,,,,[],{},,,,,,,
410333-3.myshopify.com,rejected,,,,[],{},,,,,,,
412522-2.myshopify.com,rejected,,,,[],{},,,,,,,
416clay-studio.myshopify.com,rejected,,,,[],{},,,,,,,
418501-21.myshopify.com,rejected,,,,[],{},,,,,,,
41d6eb-eb.myshopify.com,rejected,,,,[],{},,,,,,,
42-alumni-eshop.myshopify.com,rejected,,,,[],{},,,,,,,
420fizz.myshopify.com,rejected,,,,[],{},,,,,,,
420sport-apparel.myshopify.com,rejected,,,,[],{},,,,,,,
423e75.myshopify.com,rejected,,,,[],{},,,,,,,
42472b-a0.myshopify.com,rejected,,,,[],{},,,,,,,
426465-cd.myshopify.com,rejected,,,,[],{},,,,,,,
4293df-24.myshopify.com,rejected,,,,[],{},,,,,,,
42b3e6-38.myshopify.com,rejected,,,,[],{},,,,,,,
42cc84-3.myshopify.com,rejected,,,,[],{},,,,,,,
42shops.myshopify.com,rejected,,,,[],{},,,,,,,
43140e.myshopify.com,rejected,,,,[],{},,,,,,,
43173e-6.myshopify.com,rejected,,,,[],{},,,,,,,
4335ff-b1.myshopify.com,rejected,,,,[],{},,,,,,,
433680-9b.myshopify.com,rejected,,,,[],{},,,,,,,
43daniellewilson.myshopify.com,rejected,,,,[],{},,,,,,,
43f3c4-23.myshopify.com,rejected,,,,[],{},,,,,,,
44-marketplace.myshopify.com,rejected,,,,[],{},,,,,,,
441bc0-4.myshopify.com,rejected,,,,[],{},,,,,,,
444percent.myshopify.com,rejected,,,,[],{},,,,,,,
445650-2.myshopify.com,rejected,,,,[],{},,,,,,,
44d3e8-2.myshopify.com,rejected,,,,[],{},,,,,,,
452796.myshopify.com,rejected,,,,[],{},,,,,,,
460218-2.myshopify.com,rejected,,,,[],{},,,,,,,
4687bf-2.myshopify.com,rejected,,,,[],{},,,,,,,
4697dc-3.myshopify.com,rejected,,,,[],{},,,,,,,
4698bf-4.myshopify.com,rejected,,,,[],{},,,,,,,
46a146-be.myshopify.com,rejected,,,,[],{},,,,,,,
46ded4-e0.myshopify.com,rejected,,,,[],{},,,,,,,
46dj0z-zd.myshopify.com,rejected,,,,[],{},,,,,,,
46edd8-2.myshopify.com,rejected,,,,[],{},,,,,,,
46faa7-3.myshopify.com,rejected,,,,[],{},,,,,,,
4720da.myshopify.com,rejected,,,,[],{},,,,,,,
475931.myshopify.com,rejected,,,,[],{},,,,,,,
476a67-2.myshopify.com,rejected,,,,[],{},,,,,,,
47f05a-2.myshopify.com,rejected,,,,[],{},,,,,,,
48-0357aa-mol.myshopify.com,rejected,,,,[],{},,,,,,,
480e86-8e.myshopify.com,rejected,,,,[],{},,,,,,,
483c15.myshopify.com,rejected,,,,[],{},,,,,,,
486b44-e4.myshopify.com,rejected,,,,[],{},,,,,,,
486b62-3.myshopify.com,rejected,,,,[],{},,,,,,,
49-0846aa-mol.myshopify.com,rejected,,,,[],{},,,,,,,
4929f5-2.myshopify.com,rejected,,,,[],{},,,,,,,
49748d-ae.myshopify.com,rejected,,,,[],{},,,,,,,
4981b1-ac.myshopify.com,rejected,,,,[],{},,,,,,,
49afde-2.myshopify.com,rejected,,,,[],{},,,,,,,
49dzineedmonton.myshopify.com,rejected,,,,[],{},,,,,,,
49er-and-nacra-dues-and-entry.myshopify.com,rejected,,,,[],{},,,,,,,
49winchester.myshopify.com,rejected,,,,[],{},,,,,,,
4a0b3f-4c.myshopify.com,rejected,,,,[],{},,,,,,,
4ab4d2-2.myshopify.com,rejected,,,,[],{},,,,,,,
4ae40e-e4.myshopify.com,rejected,,,,[],{},,,,,,,
4aee5d-6.myshopify.com,rejected,,,,[],{},,,,,,,
4aw-store.myshopify.com,rejected,,,,[],{},,,,,,,
4ayke1-4s.myshopify.com,rejected,,,,[],{},,,,,,,
4b0710-2.myshopify.com,rejected,,,,[],{},,,,,,,
4b545b-2.myshopify.com,rejected,,,,[],{},,,,,,,
4bc056-ab.myshopify.com,rejected,,,,[],{},,,,,,,
4bdd3f.myshopify.com,rejected,,,,[],{},,,,,,,
4bk00h-0u.myshopify.com,rejected,,,,[],{},,,,,,,
4c47a5-dd.myshopify.com,rejected,,,,[],{},,,,,,,
4c4c0e.myshopify.com,rejected,,,,[],{},,,,,,,
4c6ac2-96.myshopify.com,rejected,,,,[],{},,,,,,,
4c8fe5-2.myshopify.com,rejected,,,,[],{},,,,,,,
4cab15-ca.myshopify.com,rejected,,,,[],{},,,,,,,
4cb8bb-2.myshopify.com,rejected,,,,[],{},,,,,,,
4ccccees.myshopify.com,rejected,,,,[],{},,,,,,,
4cde93-3.myshopify.com,rejected,,,,[],{},,,,,,,
4clear-2.myshopify.com,rejected,,,,[],{},,,,,,,
4conly.myshopify.com,rejected,,,,[],{},,,,,,,
4d82a2.myshopify.com,rejected,,,,[],{},,,,,,,
4dce34.myshopify.com,rejected,,,,[],{},,,,,,,
4dvi.myshopify.com,rejected,,,,[],{},,,,,,,
4e40e2.myshopify.com,rejected,,,,[],{},,,,,,,
4e710a.myshopify.com,rejected,,,,[],{},,,,,,,
4e9a40.myshopify.com,rejected,,,,[],{},,,,,,,
4f1a60-2.myshopify.com,rejected,,,,[],{},,,,,,,
4f581c-2e.myshopify.com,rejected,,,,[],{},,,,,,,
4fa4cc-6a.myshopify.com,rejected,,,,[],{},,,,,,,
4faa78-4.myshopify.com,rejected,,,,[],{},,,,,,,
4fb633-ys.myshopify.com,rejected,,,,[],{},,,,,,,
4fe9a0.myshopify.com,rejected,,,,[],{},,,,,,,
4fourvision.myshopify.com,rejected,,,,[],{},,,,,,,
4furs.myshopify.com,rejected,,,,[],{},,,,,,,
4g511m-dp.myshopify.com,rejected,,,,[],{},,,,,,,
4h75gz-jv.myshopify.com,rejected,,,,[],{},,,,,,,
4hourfunding.myshopify.com,rejected,,,,[],{},,,,,,,
4iiii-wholesale-cad.myshopify.com,rejected,,,,[],{},,,,,,,
4ingoco.myshopify.com,rejected,,,,[],{},,,,,,,
4j4azm-ny.myshopify.com,rejected,,,,[],{},,,,,,,
4legs-de-von-ramin.myshopify.com,rejected,,,,[],{},,,,,,,
4lorish-fitness.myshopify.com,rejected,,,,[],{},,,,,,,
4mvzmp-p7.myshopify.com,rejected,,,,[],{},,,,,,,
4naturalhealthwellness.myshopify.com,rejected,,,,[],{},,,,,,,
4p-stage.myshopify.com,rejected,,,,[],{},,,,,,,
4pcbvv-tw.myshopify.com,rejected,,,,[],{},,,,,,,
4peace365-com.myshopify.com,rejected,,,,[],{},,,,,,,
4plusapparel.myshopify.com,rejected,,,,[],{},,,,,,,
4qenya-k2.myshopify.com,rejected,,,,[],{},,,,,,,
4shaw-3.myshopify.com,rejected,,,,[],{},,,,,,,
4t013s-mn.myshopify.com,rejected,,,,[],{},,,,,,,
4th-street-night-market.myshopify.com,rejected,,,,[],{},,,,,,,
4thehardwaybasketball.myshopify.com,rejected,,,,[],{},,,,,,,
4u2njoiproductions.myshopify.com,rejected,,,,[],{},,,,,,,
4unmeskin-223.myshopify.com,rejected,,,,[],{},,,,,,,
4zfmzf-at.myshopify.com,rejected,,,,[],{},,,,,,,
4zh1bm-41.myshopify.com,rejected,,,,[],{},,,,,,,
4zmhra-hp.myshopify.com,rejected,,,,[],{},,,,,,,
5-point-car-care.myshopify.com,rejected,,,,[],{},,,,,,,
500-level-wholesale.myshopify.com,rejected,,,,[],{},,,,,,,
502113-2c.myshopify.com,rejected,,,,[],{},,,,,,,
507047-5.myshopify.com,rejected,,,,[],{},,,,,,,
5090a6-d9.myshopify.com,rejected,,,,[],{},,,,,,,
509afb-87.myshopify.com,rejected,,,,[],{},,,,,,,
50d8aa-35.myshopify.com,rejected,,,,[],{},,,,,,,
512537-2.myshopify.com,rejected,,,,[],{},,,,,,,
513612-77.myshopify.com,rejected,,,,[],{},,,,,,,
5150-returns.myshopify.com,rejected,,,,[],{},,,,,,,
517f55-2.myshopify.com,rejected,,,,[],{},,,,,,,
5182da-35.myshopify.com,rejected,,,,[],{},,,,,,,
5193e7.myshopify.com,rejected,,,,[],{},,,,,,,
51a8d0-f9.myshopify.com,rejected,,,,[],{},,,,,,,
51ce5d-fe.myshopify.com,rejected,,,,[],{},,,,,,,
51cfev-ma.myshopify.com,rejected,,,,[],{},,,,,,,
51f574-40.myshopify.com,rejected,,,,[],{},,,,,,,
52ruby.myshopify.com,rejected,,,,[],{},,,,,,,
53b79d-3.myshopify.com,rejected,,,,[],{},,,,,,,
541customs.myshopify.com,rejected,,,,[],{},,,,,,,
547d56.myshopify.com,rejected,,,,[],{},,,,,,,
54a706-4b.myshopify.com,rejected,,,,[],{},,,,,,,
54aea3-3.myshopify.com,rejected,,,,[],{},,,,,,,
54be3d-2.myshopify.com,rejected,,,,[],{},,,,,,,
54t1fn-zk.myshopify.com,rejected,,,,[],{},,,,,,,
55819c-2.myshopify.com,rejected,,,,[],{},,,,,,,
55d0e2.myshopify.com,rejected,,,,[],{},,,,,,,
5666a8.myshopify.com,rejected,,,,[],{},,,,,,,
56e320-3d.myshopify.com,rejected,,,,[],{},,,,,,,
57241d-3.myshopify.com,rejected,,,,[],{},,,,,,,
577fca.myshopify.com,rejected,,,,[],{},,,,,,,
57a2c8.myshopify.com,rejected,,,,[],{},,,,,,,
58-designs-llc.myshopify.com,rejected,,,,[],{},,,,,,,
58488b-3a.myshopify.com,rejected,,,,[],{},,,,,,,
59-parks.myshopify.com,rejected,,,,[],{},,,,,,,
590kk5-ht.myshopify.com,rejected,,,,[],{},,,,,,,
591cb4.myshopify.com,rejected,,,,[],{},,,,,,,
591dff.myshopify.com,rejected,,,,[],{},,,,,,,
592015-16.myshopify.com,rejected,,,,[],{},,,,,,,
597459-3.myshopify.com,rejected,,,,[],{},,,,,,,
598e13-2.myshopify.com,rejected,,,,[],{},,,,,,,
5999fb-3.myshopify.com,rejected,,,,[],{},,,,,,,
599fbc-c5.myshopify.com,rejected,,,,[],{},,,,,,,
59ae1d-ad.myshopify.com,rejected,,,,[],{},,,,,,,
59be98.myshopify.com,rejected,,,,[],{},,,,,,,
5a3f39-2.myshopify.com,rejected,,,,[],{},,,,,,,
5b278d-2.myshopify.com,rejected,,,,[],{},,,,,,,
5b42c5.myshopify.com,rejected,,,,[],{},,,,,,,
5c7a0a-3.myshopify.com,rejected,,,,[],{},,,,,,,
5ccc96-2c.myshopify.com,rejected,,,,[],{},,,,,,,
5ce5c1-4.myshopify.com,rejected,,,,[],{},,,,,,,
5d0907-96.myshopify.com,rejected,,,,[],{},,,,,,,
5d2891-2.myshopify.com,rejected,,,,[],{},,,,,,,
5dmarketplace.myshopify.com,rejected,,,,[],{},,,,,,,
5e210e-4.myshopify.com,rejected,,,,[],{},,,,,,,
5e534e-2.myshopify.com,rejected,,,,[],{},,,,,,,
5e5d39-c6.myshopify.com,rejected,,,,[],{},,,,,,,
5e7dd7-d7.myshopify.com,rejected,,,,[],{},,,,,,,
5eec72-ed.myshopify.com,rejected,,,,[],{},,,,,,,
5f40ca-4.myshopify.com,rejected,,,,[],{},,,,,,,
5f5e84-02.myshopify.com,rejected,,,,[],{},,,,,,,
5f5efe-33.myshopify.com,rejected,,,,[],{},,,,,,,
5f79b2-3.myshopify.com,rejected,,,,[],{},,,,,,,
5fa78d.myshopify.com,rejected,,,,[],{},,,,,,,
5fa848-02.myshopify.com,rejected,,,,[],{},,,,,,,
5fd05a.myshopify.com,rejected,,,,[],{},,,,,,,
5gau0u-jp.myshopify.com,rejected,,,,[],{},,,,,,,
5hdv15-bn.myshopify.com,rejected,,,,[],{},,,,,,,
5m205q-0r.myshopify.com,rejected,,,,[],{},,,,,,,
5s7ae0-zs.myshopify.com,rejected,,,,[],{},,,,,,,
5xk0du-03.myshopify.com,rejected,,,,[],{},,,,,,,
5xzb0m-ug.myshopify.com,rejected,,,,[],{},,,,,,,
6-day-weight-loss.myshopify.com,rejected,,,,[],{},,,,,,,
6190d2.myshopify.com,rejected,,,,[],{},,,,,,,
629321-4.myshopify.com,rejected,,,,[],{},,,,,,,
62f944-7d.myshopify.com,rejected,,,,[],{},,,,,,,
62r1hk-mw.myshopify.com,rejected,,,,[],{},,,,,,,
630laser.myshopify.com,rejected,,,,[],{},,,,,,,
63ec96-60.myshopify.com,rejected,,,,[],{},,,,,,,
64038b-83.myshopify.com,rejected,,,,[],{},,,,,,,
64a282-9c.myshopify.com,rejected,,,,[],{},,,,,,,
653e2a-32.myshopify.com,rejected,,,,[],{},,,,,,,
66-1674aa-mol.myshopify.com,rejected,,,,[],{},,,,,,,
66-2428aa-mol.myshopify.com,rejected,,,,[],{},,,,,,,
66-2559aa-mol.myshopify.com,rejected,,,,[],{},,,,,,,
662270-19.myshopify.com,rejected,,,,[],{},,,,,,,
663f6f.myshopify.com,rejected,,,,[],{},,,,,,,
66f859-a4.myshopify.com,rejected,,,,[],{},,,,,,,
6714e3.myshopify.com,rejected,,,,[],{},,,,,,,
6768ae-6e.myshopify.com,rejected,,,,[],{},,,,,,,
680187-54.myshopify.com,rejected,,,,[],{},,,,,,,
6942f0-22.myshopify.com,rejected,,,,[],{},,,,,,,
69a40a.myshopify.com,rejected,,,,[],{},,,,,,,
69ec32.myshopify.com,rejected,,,,[],{},,,,,,,
69f413.myshopify.com,rejected,,,,[],{},,,,,,,
6a6df7-94.myshopify.com,rejected,,,,[],{},,,,,,,
6a82c4.myshopify.com,rejected,,,,[],{},,,,,,,
6a87f2.myshopify.com,rejected,,,,[],{},,,,,,,
6ab62c-66.myshopify.com,rejected,,,,[],{},,,,,,,
6b8098.myshopify.com,rejected,,,,[],{},,,,,,,
6bb592-3.myshopify.com,rejected,,,,[],{},,,,,,,
6c36e5-17.myshopify.com,rejected,,,,[],{},,,,,,,
6cc406-07.myshopify.com,rejected,,,,[],{},,,,,,,
6cf553-4d.myshopify.com,rejected,,,,[],{},,,,,,,
6d0c79.myshopify.com,rejected,,,,[],{},,,,,,,
6dab36-16.myshopify.com,rejected,,,,[],{},,,,,,,
6dbb72-2.myshopify.com,rejected,,,,[],{},,,,,,,
6dbd91-2.myshopify.com,rejected,,,,[],{},,,,,,,
6e0jng-p1.myshopify.com,rejected,,,,[],{},,,,,,,
6e1bdd.myshopify.com,rejected,,,,[],{},,,,,,,
6e5e6b-43.myshopify.com,rejected,,,,[],{},,,,,,,
6ee07c.myshopify.com,rejected,,,,[],{},,,,,,,
6f2cae-fb.myshopify.com,rejected,,,,[],{},,,,,,,
6f3222-4d.myshopify.com,rejected,,,,[],{},,,,,,,
6f38e1-b0.myshopify.com,rejected,,,,[],{},,,,,,,
6f4e92-60.myshopify.com,rejected,,,,[],{},,,,,,,
6gtczz-b6.myshopify.com,rejected,,,,[],{},,,,,,,
6gwrvz-rb.myshopify.com,rejected,,,,[],{},,,,,,,
6phqr3-ts.myshopify.com,rejected,,,,[],{},,,,,,,
6pyg0k-jn.myshopify.com,rejected,,,,[],{},,,,,,,
6vbug9-uv.myshopify.com,rejected,,,,[],{},,,,,,,
6voltiosmerch.myshopify.com,rejected,,,,[],{},,,,,,,
6wxywg-50.myshopify.com,rejected,,,,[],{},,,,,,,
6z5k9c-cr.myshopify.com,rejected,,,,[],{},,,,,,,
7-cbd.myshopify.com,rejected,,,,[],{},,,,,,,
7-eleven-official-merch.myshopify.com,rejected,,,,[],{},,,,,,,
7-rhodes-beef-co.myshopify.com,rejected,,,,[],{},,,,,,,
7-sons-wellness.myshopify.com,rejected,,,,[],{},,,,,,,
70252f.myshopify.com,rejected,,,,[],{},,,,,,,
703734-35.myshopify.com,rejected,,,,[],{},,,,,,,
70784e-4b.myshopify.com,rejected,,,,[],{},,,,,,,
70d4c5-c5.myshopify.com,rejected,,,,[],{},,,,,,,
70dbae-d7.myshopify.com,rejected,,,,[],{},,,,,,,
70e62d.myshopify.com,rejected,,,,[],{},,,,,,,
713tattooshop.myshopify.com,rejected,,,,[],{},,,,,,,
714decal.myshopify.com,rejected,,,,[],{},,,,,,,
71ac18.myshopify.com,rejected,,,,[],{},,,,,,,
71c4dd-2.myshopify.com,rejected,,,,[],{},,,,,,,
724exotics.myshopify.com,rejected,,,,[],{},,,,,,,
72fde6.myshopify.com,rejected,,,,[],{},,,,,,,
73a725-bd.myshopify.com,rejected,,,,[],{},,,,,,,
73f7b8-3.myshopify.com,rejected,,,,[],{},,,,,,,
73j5wi-0g.myshopify.com,rejected,,,,[],{},,,,,,,
73pdkg-q4.myshopify.com,rejected,,,,[],{},,,,,,,
740bfx-n1.myshopify.com,rejected,,,,[],{},,,,,,,
747822-5.myshopify.com,rejected,,,,[],{},,,,,,,
748f55-5.myshopify.com,rejected,,,,[],{},,,,,,,
74e48d-4.myshopify.com,rejected,,,,[],{},,,,,,,
752ff1-62.myshopify.com,rejected,,,,[],{},,,,,,,
75661a-8b.myshopify.com,rejected,,,,[],{},,,,,,,
75e9bf-fe.myshopify.com,rejected,,,,[],{},,,,,,,
763da4-2.myshopify.com,rejected,,,,[],{},,,,,,,
76b1f2-79.myshopify.com,rejected,,,,[],{},,,,,,,
76f4e4-bc.myshopify.com,rejected,,,,[],{},,,,,,,
76fe41-2.myshopify.com,rejected,,,,[],{},,,,,,,
7899ba-2.myshopify.com,rejected,,,,[],{},,,,,,,
78c393-4c.myshopify.com,rejected,,,,[],{},,,,,,,
79acad-46.myshopify.com,rejected,,,,[],{},,,,,,,
7a152c-f0.myshopify.com,rejected,,,,[],{},,,,,,,
7a4d84-4.myshopify.com,rejected,,,,[],{},,,,,,,
7a8268-2.myshopify.com,rejected,,,,[],{},,,,,,,
7a90ik-0y.myshopify.com,rejected,,,,[],{},,,,,,,
7adb7c.myshopify.com,rejected,,,,[],{},,,,,,,
7afa87-fe.myshopify.com,rejected,,,,[],{},,,,,,,
7b8e8f-3b.myshopify.com,rejected,,,,[],{},,,,,,,
7c474d.myshopify.com,rejected,,,,[],{},,,,,,,
7c655e-5b.myshopify.com,rejected,,,,[],{},,,,,,,
7c8b0c-2.myshopify.com,rejected,,,,[],{},,,,,,,
7cxry4-3h.myshopify.com,rejected,,,,[],{},,,,,,,
7dayshotel.myshopify.com,rejected,,,,[],{},,,,,,,
7de391-b4.myshopify.com,rejected,,,,[],{},,,,,,,
7e35fa-2.myshopify.com,rejected,,,,[],{},,,,,,,
7e60f0-4b.myshopify.com,rejected,,,,[],{},,,,,,,
7ea00d-2.myshopify.com,rejected,,,,[],{},,,,,,,
7eadb1-2a.myshopify.com,rejected,,,,[],{},,,,,,,
7ee4bd-13.myshopify.com,rejected,,,,[],{},,,,,,,
7eqwba-yb.myshopify.com,rejected,,,,[],{},,,,,,,
7ester.myshopify.com,rejected,,,,[],{},,,,,,,
7f17b4.myshopify.com,rejected,,,,[],{},,,,,,,
7f2d55-3.myshopify.com,rejected,,,,[],{},,,,,,,
7f9d19-2.myshopify.com,rejected,,,,[],{},,,,,,,
7fc096-2.myshopify.com,rejected,,,,[],{},,,,,,,
7fde4f.myshopify.com,rejected,,,,[],{},,,,,,,
7klassik.myshopify.com,rejected,,,,[],{},,,,,,,
7m7gzs-iv.myshopify.com,rejected,,,,[],{},,,,,,,
7masakiya.myshopify.com,rejected,,,,[],{},,,,,,,
7mindsets.myshopify.com,rejected,,,,[],{},,,,,,,
7paze0-y6.myshopify.com,rejected,,,,[],{},,,,,,,
7reazc-f4.myshopify.com,rejected,,,,[],{},,,,,,,
7tass5-qh.myshopify.com,rejected,,,,[],{},,,,,,,
7tzwvd-nr.myshopify.com,rejected,,,,[],{},,,,,,,
7vjg6b-gn.myshopify.com,rejected,,,,[],{},,,,,,,
7zqkw7-f7.myshopify.com,rejected,,,,[],{},,,,,,,
8-doors-distillery.myshopify.com,rejected,,,,[],{},,,,,,,
801familymerch.myshopify.com,rejected,,,,[],{},,,,,,,
803888-4.myshopify.com,rejected,,,,[],{},,,,,,,
805-metal-craft.myshopify.com,rejected,,,,[],{},,,,,,,
8078a2-a2.myshopify.com,rejected,,,,[],{},,,,,,,
80d576-a8.myshopify.com,rejected,,,,[],{},,,,,,,
80ee87-3.myshopify.com,rejected,,,,[],{},,,,,,,
8108kyoto.myshopify.com,rejected,,,,[],{},,,,,,,
811909-2.myshopify.com,rejected,,,,[],{},,,,,,,
811b19-93.myshopify.com,rejected,,,,[],{},,,,,,,
814745-73.myshopify.com,rejected,,,,[],{},,,,,,,
815537-2.myshopify.com,rejected,,,,[],{},,,,,,,
817b5b-11.myshopify.com,rejected,,,,[],{},,,,,,,
821a9e-2.myshopify.com,rejected,,,,[],{},,,,,,,
826-boston.myshopify.com,rejected,,,,[],{},,,,,,,
82a364.myshopify.com,rejected,,,,[],{},,,,,,,
837a4c-41.myshopify.com,rejected,,,,[],{},,,,,,,
83beb0-8a.myshopify.com,rejected,,,,[],{},,,,,,,
83f5fe.myshopify.com,rejected,,,,[],{},,,,,,,
84469c-ee.myshopify.com,rejected,,,,[],{},,,,,,,
84f96c-2.myshopify.com,rejected,,,,[],{},,,,,,,
855ce6-4.myshopify.com,rejected,,,,[],{},,,,,,,
865a57-7e.myshopify.com,rejected,,,,[],{},,,,,,,
86c196-4d.myshopify.com,rejected,,,,[],{},,,,,,,
87110a-3.myshopify.com,rejected,,,,[],{},,,,,,,
8728fc.myshopify.com,rejected,,,,[],{},,,,,,,
8745e5-2.myshopify.com,rejected,,,,[],{},,,,,,,
877workshop.myshopify.com,rejected,,,,[],{},,,,,,,
87a1b5-d6.myshopify.com,rejected,,,,[],{},,,,,,,
88-films.myshopify.com,rejected,,,,[],{},,,,,,,
88191a.myshopify.com,rejected,,,,[],{},,,,,,,
885a28-3.myshopify.com,rejected,,,,[],{},,,,,,,
886fba.myshopify.com,rejected,,,,[],{},,,,,,,
88hynx-ss.myshopify.com,rejected,,,,[],{},,,,,,,
88rising-ln.myshopify.com,rejected,,,,[],{},,,,,,,
8a407c-2.myshopify.com,rejected,,,,[],{},,,,,,,
8a6np8-je.myshopify.com,rejected,,,,[],{},,,,,,,
8acvc0-0f.myshopify.com,rejected,,,,[],{},,,,,,,
8b2042-11.myshopify.com,rejected,,,,[],{},,,,,,,
8b2858.myshopify.com,rejected,,,,[],{},,,,,,,
8b9ks6-pn.myshopify.com,rejected,,,,[],{},,,,,,,
8ca8c8.myshopify.com,rejected,,,,[],{},,,,,,,
8cbc7b-2.myshopify.com,rejected,,,,[],{},,,,,,,
8d3876-4.myshopify.com,rejected,,,,[],{},,,,,,,
8d91ec-5.myshopify.com,rejected,,,,[],{},,,,,,,
8db5e5-e1.myshopify.com,rejected,,,,[],{},,,,,,,
8dceda-eb-2.myshopify.com,rejected,,,,[],{},,,,,,,
8dd550.myshopify.com,rejected,,,,[],{},,,,,,,
8dfece-2.myshopify.com,rejected,,,,[],{},,,,,,,
8e735b.myshopify.com,rejected,,,,[],{},,,,,,,
8ekpb1-g0.myshopify.com,rejected,,,,[],{},,,,,,,
8emwvy-aa.myshopify.com,rejected,,,,[],{},,,,,,,
8f0f84-6.myshopify.com,rejected,,,,[],{},,,,,,,
8f2be9.myshopify.com,rejected,,,,[],{},,,,,,,
8fc9dd-30.myshopify.com,rejected,,,,[],{},,,,,,,
8ggbgj-bq.myshopify.com,rejected,,,,[],{},,,,,,,
8hzx1c-vd.myshopify.com,rejected,,,,[],{},,,,,,,
8nvkw2-ix.myshopify.com,rejected,,,,[],{},,,,,,,
8v18yq-i7.myshopify.com,rejected,,,,[],{},,,,,,,
8w0qam-nr.myshopify.com,rejected,,,,[],{},,,,,,,
8xtsn5-6v.myshopify.com,rejected,,,,[],{},,,,,,,
8ybgfj-re.myshopify.com,rejected,,,,[],{},,,,,,,
8ykqhn-8z.myshopify.com,rejected,,,,[],{},,,,,,,
8yrxvw-xd.myshopify.com,rejected,,,,[],{},,,,,,,
901bcb-2.myshopify.com,rejected,,,,[],{},,,,,,,
902650.myshopify.com,rejected,,,,[],{},,,,,,,
902bb1-11.myshopify.com,rejected,,,,[],{},,,,,,,
913272-7a.myshopify.com,rejected,,,,[],{},,,,,,,
915447.myshopify.com,rejected,,,,[],{},,,,,,,
91dee3-05.myshopify.com,rejected,,,,[],{},,,,,,,
91f257-8a.myshopify.com,rejected,,,,[],{},,,,,,,
921f3b-2.myshopify.com,rejected,,,,[],{},,,,,,,
92eb4a-9e.myshopify.com,rejected,,,,[],{},,,,,,,
930-club.myshopify.com,rejected,,,,[],{},,,,,,,
93b9f8.myshopify.com,rejected,,,,[],{},,,,,,,
93ce56-2.myshopify.com,rejected,,,,[],{},,,,,,,
941c4f-2.myshopify.com,rejected,,,,[],{},,,,,,,
944870-3.myshopify.com,rejected,,,,[],{},,,,,,,
9448d7-eb.myshopify.com,rejected,,,,[],{},,,,,,,
946464.myshopify.com,rejected,,,,[],{},,,,,,,
94d5b5-79.myshopify.com,rejected,,,,[],{},,,,,,,
9513fd.myshopify.com,rejected,,,,[],{},,,,,,,
956897-3f.myshopify.com,rejected,,,,[],{},,,,,,,
95ca4c.myshopify.com,rejected,,,,[],{},,,,,,,
95dea0-0e.myshopify.com,rejected,,,,[],{},,,,,,,
9629b4-df.myshopify.com,rejected,,,,[],{},,,,,,,
966e21-2.myshopify.com,rejected,,,,[],{},,,,,,,
96874c.myshopify.com,rejected,,,,[],{},,,,,,,
968c2e-2.myshopify.com,rejected,,,,[],{},,,,,,,
970ea9.myshopify.com,rejected,,,,[],{},,,,,,,
9729de-7c.myshopify.com,rejected,,,,[],{},,,,,,,
977767-34.myshopify.com,rejected,,,,[],{},,,,,,,
97c8c3-4.myshopify.com,rejected,,,,[],{},,,,,,,
97dfd9-e7.myshopify.com,rejected,,,,[],{},,,,,,,
9995ac.myshopify.com,rejected,,,,[],{},,,,,,,
99customizedjewellery.in,rejected,,,,[],{},,,,,,,
99f034-26.myshopify.com,rejected,,,,[],{},,,,,,,
99y3bf-yn.myshopify.com,rejected,,,,[],{},,,,,,,
9a407c-2.myshopify.com,rejected,,,,[],{},,,,,,,
9a4334-2.myshopify.com,rejected,,,,[],{},,,,,,,
9bbeeb-2.myshopify.com,rejected,,,,[],{},,,,,,,
9bf3dd-4.myshopify.com,rejected,,,,[],{},,,,,,,
9bfb4a-3.myshopify.com,rejected,,,,[],{},,,,,,,
9c7aeb-3.myshopify.com,rejected,,,,[],{},,,,,,,
9dd3c8-c6.myshopify.com,rejected,,,,[],{},,,,,,,
9e4b41-2.myshopify.com,rejected,,,,[],{},,,,,,,
9e7218-2.myshopify.com,rejected,,,,[],{},,,,,,,
9f43aa-a8.myshopify.com,rejected,,,,[],{},,,,,,,
9f587b-09.myshopify.com,rejected,,,,[],{},,,,,,,
9f602a-5.myshopify.com,rejected,,,,[],{},,,,,,,
9f619c.myshopify.com,rejected,,,,[],{},,,,,,,
9f63mw-wf.myshopify.com,rejected,,,,[],{},,,,,,,
9f6691-2.myshopify.com,rejected,,,,[],{},,,,,,,
9f75fd-70.myshopify.com,rejected,,,,[],{},,,,,,,
9h1waw-q4.myshopify.com,rejected,,,,[],{},,,,,,,
9marks.myshopify.com,rejected,,,,[],{},,,,,,,
9n3pfc-8s.myshopify.com,rejected,,,,[],{},,,,,,,
9tee-mile.myshopify.com,rejected,,,,[],{},,,,,,,
9usptk-r0.myshopify.com,rejected,,,,[],{},,,,,,,
9vtc2c-hx.myshopify.com,rejected,,,,[],{},,,,,,,
9zs07k-a8.myshopify.com,rejected,,,,[],{},,,,,,,
a-box-for-everything.myshopify.com,rejected,,,,[],{},,,,,,,
a-celebration-of-us.myshopify.com,rejected,,,,[],{},,,,,,,
a-darn-good-yarn.myshopify.com,rejected,,,,[],{},,,,,,,
a-dodsons.myshopify.com,rejected,,,,[],{},,,,,,,
a-en-official.myshopify.com,rejected,,,,[],{},,,,,,,
a-four-chambered-heart.myshopify.com,rejected,,,,[],{},,,,,,,
a-french-touch-salon.myshopify.com,rejected,,,,[],{},,,,,,,
a-greater-mood.myshopify.com,rejected,,,,[],{},,,,,,,
a-j-composites.myshopify.com,rejected,,,,[],{},,,,,,,
a-line-online.myshopify.com,rejected,,,,[],{},,,,,,,
a-little-shop-of-comics.myshopify.com,rejected,,,,[],{},,,,,,,
a-n-comfort-inc.myshopify.com,rejected,,,,[],{},,,,,,,
a-natural-solution.myshopify.com,rejected,,,,[],{},,,,,,,
a-s-applegarden.myshopify.com,rejected,,,,[],{},,,,,,,
a-som.myshopify.com,rejected,,,,[],{},,,,,,,
a-table-chez-soi.myshopify.com,rejected,,,,[],{},,,,,,,
a-twist-of-yarn.myshopify.com,rejected,,,,[],{},,,,,,,
a-vintage-shop.myshopify.com,rejected,,,,[],{},,,,,,,
a-woman-we-love.myshopify.com,rejected,,,,[],{},,,,,,,
a00305-2.myshopify.com,rejected,,,,[],{},,,,,,,
a013af-3.myshopify.com,rejected,,,,[],{},,,,,,,
a065fc-cd.myshopify.com,rejected,,,,[],{},,,,,,,
a068b7.myshopify.com,rejected,,,,[],{},,,,,,,
a08f5e.myshopify.com,rejected,,,,[],{},,,,,,,
a0e259-07.myshopify.com,rejected,,,,[],{},,,,,,,
a106ea-3.myshopify.com,rejected,,,,[],{},,,,,,,
a10c81.myshopify.com,rejected,,,,[],{},,,,,,,
a1supercars.myshopify.com,rejected,,,,[],{},,,,,,,
a249be-c6.myshopify.com,rejected,,,,[],{},,,,,,,
a2reviews.myshopify.com,rejected,,,,[],{},,,,,,,
a2z-cash-n-carry-7619.myshopify.com,rejected,,,,[],{},,,,,,,
a3fb47.myshopify.com,rejected,,,,[],{},,,,,,,
a3ff85-aa.myshopify.com,rejected,,,,[],{},,,,,,,
a44292-99.myshopify.com,rejected,,,,[],{},,,,,,,
a46dd1-nv.myshopify.com,rejected,,,,[],{},,,,,,,
a4c-com.myshopify.com,rejected,,,,[],{},,,,,,,
a52d82.myshopify.com,rejected,,,,[],{},,,,,,,
a570e9-95.myshopify.com,rejected,,,,[],{},,,,,,,
a5meats.myshopify.com,rejected,,,,[],{},,,,,,,
a75b35-c1.myshopify.com,rejected,,,,[],{},,,,,,,
a7ac82-2.myshopify.com,rejected,,,,[],{},,,,,,,
a8661b-e4.myshopify.com,rejected,,,,[],{},,,,,,,
a8f861-4.myshopify.com,rejected,,,,[],{},,,,,,,
a8f8f2-c9.myshopify.com,rejected,,,,[],{},,,,,,,
a971aa-63.myshopify.com,rejected,,,,[],{},,,,,,,
a9b7a3-9a.myshopify.com,rejected,,,,[],{},,,,,,,
a9c298-82.myshopify.com,rejected,,,,[],{},,,,,,,
a9e00f.myshopify.com,rejected,,,,[],{},,,,,,,
a9e1f7-97.myshopify.com,rejected,,,,[],{},,,,,,,
aa-world-trade-marketing-inc.myshopify.com,rejected,,,,[],{},,,,,,,
aa8edc.myshopify.com,rejected,,,,[],{},,,,,,,
aaachery.myshopify.com,rejected,,,,[],{},,,,,,,
aadp-store.myshopify.com,rejected,,,,[],{},,,,,,,
aaliyahnaomi.myshopify.com,rejected,,,,[],{},,,,,,,
aaluxurybeauty.myshopify.com,rejected,,,,[],{},,,,,,,
aaohns.myshopify.com,rejected,,,,[],{},,,,,,,
aathiyam.in,rejected,,,,[],{},,,,,,,
ab-sports-8889.myshopify.com,rejected,,,,[],{},,,,,,,
ab425d-de.myshopify.com,rejected,,,,[],{},,,,,,,
ab50ec-d0.myshopify.com,rejected,,,,[],{},,,,,,,
abacus-furniture-design.myshopify.com,rejected,,,,[],{},,,,,,,
abarth-decals.myshopify.com,rejected,,,,[],{},,,,,,,
abbatteonline.myshopify.com,rejected,,,,[],{},,,,,,,
abbeylane.myshopify.com,rejected,,,,[],{},,,,,,,
abbychair.myshopify.com,rejected,,,,[],{},,,,,,,
abbyjoyjewelry.myshopify.com,rejected,,,,[],{},,,,,,,
abc-communication-test.myshopify.com,rejected,,,,[],{},,,,,,,
abc-mary.myshopify.com,rejected,,,,[],{},,,,,,,
abcblanks.myshopify.com,rejected,,,,[],{},,,,,,,
abcdvdvideo.myshopify.com,rejected,,,,[],{},,,,,,,
abcxyz.myshopify.com,rejected,,,,[],{},,,,,,,
abe-homeshoes.myshopify.com,rejected,,,,[],{},,,,,,,
abeb3f.myshopify.com,rejected,,,,[],{},,,,,,,
abg-reebok-store.myshopify.com,rejected,,,,[],{},,,,,,,
abiding-together-podcast.myshopify.com,rejected,,,,[],{},,,,,,,
abiff-apparel.myshopify.com,rejected,,,,[],{},,,,,,,
abigailclarkevents.myshopify.com,rejected,,,,[],{},,,,,,,
abigailrosemusic.myshopify.com,rejected,,,,[],{},,,,,,,
abitdeeper.myshopify.com,rejected,,,,[],{},,,,,,,
ablazecomics.myshopify.com,rejected,,,,[],{},,,,,,,
abouki.myshopify.com,rejected,,,,[],{},,,,,,,
aboutvivi.myshopify.com,rejected,,,,[],{},,,,,,,
abovesnakesstore.myshopify.com,rejected,,,,[],{},,,,,,,
abovetheskyproductions.myshopify.com,rejected,,,,[],{},,,,,,,
abpg-online-store.myshopify.com,rejected,,,,[],{},,,,,,,
abramsmfg.myshopify.com,rejected,,,,[],{},,,,,,,
absolute-all-5295.myshopify.com,rejected,,,,[],{},,,,,,,
absolute-industrial-supplies.myshopify.com,rejected,,,,[],{},,,,,,,
abstrk.myshopify.com,rejected,,,,[],{},,,,,,,
ac-barberton.myshopify.com,rejected,,,,[],{},,,,,,,
ac2t.myshopify.com,rejected,,,,[],{},,,,,,,
ac354b-1f.myshopify.com,rejected,,,,[],{},,,,,,,
ac8b67-3.myshopify.com,rejected,,,,[],{},,,,,,,
ac8gmv-gd.myshopify.com,rejected,,,,[],{},,,,,,,
ac9a2a-5.myshopify.com,rejected,,,,[],{},,,,,,,
academy-of-mindful-movement.myshopify.com,rejected,,,,[],{},,,,,,,
acanthus-floral-botanical-ltd.myshopify.com,rejected,,,,[],{},,,,,,,
accamf-nc.myshopify.com,rejected,,,,[],{},,,,,,,
accelerated-aesthetics.myshopify.com,rejected,,,,[],{},,,,,,,
access-arts-qld.myshopify.com,rejected,,,,[],{},,,,,,,
access-perks-merch.myshopify.com,rejected,,,,[],{},,,,,,,
accessibility-enabler.myshopify.com,rejected,,,,[],{},,,,,,,
ace-at-the-beach-llc.myshopify.com,rejected,,,,[],{},,,,,,,
ace-embroidery-patches-co-nz.myshopify.com,rejected,,,,[],{},,,,,,,
ace162-01.myshopify.com,rejected,,,,[],{},,,,,,,
aceofspadessacmerch.myshopify.com,rejected,,,,[],{},,,,,,,
acetechplastic.myshopify.com,rejected,,,,[],{},,,,,,,
aceva-nutrition.myshopify.com,rejected,,,,[],{},,,,,,,
acey-acey.myshopify.com,rejected,,,,[],{},,,,,,,
acfa10-3.myshopify.com,rejected,,,,[],{},,,,,,,
acg-massage.myshopify.com,rejected,,,,[],{},,,,,,,
achaiashop-6745.myshopify.com,rejected,,,,[],{},,,,,,,
achoti-english.myshopify.com,rejected,,,,[],{},,,,,,,
acme-fumetti-dintorni.myshopify.com,rejected,,,,[],{},,,,,,,
acmejoy-de.myshopify.com,rejected,,,,[],{},,,,,,,
acmemysteryco.myshopify.com,rejected,,,,[],{},,,,,,,
acmepools.myshopify.com,rejected,,,,[],{},,,,,,,
acolyte-submission-grappling.myshopify.com,rejected,,,,[],{},,,,,,,
acordiamusic.myshopify.com,rejected,,,,[],{},,,,,,,
acornandpip.myshopify.com,rejected,,,,[],{},,,,,,,
acosta-clothing.myshopify.com,rejected,,,,[],{},,,,,,,
acquavellagalleries.myshopify.com,rejected,,,,[],{},,,,,,,
acrylic.in,rejected,,,,[],{},,,,,,,
acs-brand-co.myshopify.com,rejected,,,,[],{},,,,,,,
acsxtq-pi.myshopify.com,rejected,,,,[],{},,,,,,,
action-sports-8842.myshopify.com,rejected,,,,[],{},,,,,,,
actionfirstaid.myshopify.com,rejected,,,,[],{},,,,,,,
activationswithjj.myshopify.com,rejected,,,,[],{},,,,,,,
activator-jp.myshopify.com,rejected,,,,[],{},,,,,,,
activelook.myshopify.com,rejected,,,,[],{},,,,,,,
actsmarket-com.myshopify.com,rejected,,,,[],{},,,,,,,
actualpain.myshopify.com,rejected,,,,[],{},,,,,,,
acvicol12.myshopify.com,rejected,,,,[],{},,,,,,,
acwnrt-fk.myshopify.com,rejected,,,,[],{},,,,,,,
ad-na-shop.myshopify.com,rejected,,,,[],{},,,,,,,
ad043a-97.myshopify.com,rejected,,,,[],{},,,,,,,
ad5c0c-b5.myshopify.com,rejected,,,,[],{},,,,,,,
ad6db7-ea.myshopify.com,rejected,,,,[],{},,,,,,,
adam-arts-creation.myshopify.com,rejected,,,,[],{},,,,,,,
adambouska.myshopify.com,rejected,,,,[],{},,,,,,,
adamstorehk.myshopify.com,rejected,,,,[],{},,,,,,,
adart-gemini-fashion01.myshopify.com,rejected,,,,[],{},,,,,,,
adc7f7-ab.myshopify.com,rejected,,,,[],{},,,,,,,
adc985-78.myshopify.com,rejected,,,,[],{},,,,,,,
adddf1-cd.myshopify.com,rejected,,,,[],{},,,,,,,
adegen.myshopify.com,rejected,,,,[],{},,,,,,,
adhd-together.myshopify.com,rejected,,,,[],{},,,,,,,
adhdfriendly.myshopify.com,rejected,,,,[],{},,,,,,,
adirondack-life-test.myshopify.com,rejected,,,,[],{},,,,,,,
admin-123457260.myshopify.com,rejected,,,,[],{},,,,,,,
administrative-results.myshopify.com,rejected,,,,[],{},,,,,,,
admiral-mens-grooming.myshopify.com,rejected,,,,[],{},,,,,,,
admiss.myshopify.com,rejected,,,,[],{},,,,,,,
admmerchbooth.myshopify.com,rejected,,,,[],{},,,,,,,
admon-machinery.myshopify.com,rejected,,,,[],{},,,,,,,
adoluvle.myshopify.com,rejected,,,,[],{},,,,,,,
adored-a-lovely-boutique.myshopify.com,rejected,,,,[],{},,,,,,,
adoreher-things.myshopify.com,rejected,,,,[],{},,,,,,,
adrian-recordings.myshopify.com,rejected,,,,[],{},,,,,,,
adrianbroughpottery.myshopify.com,rejected,,,,[],{},,,,,,,
adrienne-whitewood-nz.myshopify.com,rejected,,,,[],{},,,,,,,
adroittheory.myshopify.com,rejected,,,,[],{},,,,,,,
adtec-official.myshopify.com,rejected,,,,[],{},,,,,,,
aduliscoffee.myshopify.com,rejected,,,,[],{},,,,,,,
adupon.in,rejected,,,,[],{},,,,,,,
advanced-filters-and-search.myshopify.com,rejected,,,,[],{},,,,,,,
advanced-mixology.myshopify.com,rejected,,,,[],{},,,,,,,
advanced-ndt.myshopify.com,rejected,,,,[],{},,,,,,,
advancedbusinessconsulting.myshopify.com,rejected,,,,[],{},,,,,,,
advancedhydraulics.myshopify.com,rejected,,,,[],{},,,,,,,
adventures-and-hobbies.myshopify.com,rejected,,,,[],{},,,,,,,
adventuresincardboard.myshopify.com,rejected,,,,[],{},,,,,,,
ae01f5-2.myshopify.com,rejected,,,,[],{},,,,,,,
ae8f3a.myshopify.com,rejected,,,,[],{},,,,,,,
ae8fe9-2.myshopify.com,rejected,,,,[],{},,,,,,,
aecoustics.myshopify.com,rejected,,,,[],{},,,,,,,
aedshop.myshopify.com,rejected,,,,[],{},,,,,,,
aedyje-0a.myshopify.com,rejected,,,,[],{},,,,,,,
aemgear.myshopify.com,rejected,,,,[],{},,,,,,,
aeongreatdeal.myshopify.com,rejected,,,,[],{},,,,,,,
aeoutdoor-2.myshopify.com,rejected,,,,[],{},,,,,,,
aeriform-arts.myshopify.com,rejected,,,,[],{},,,,,,,
aerohartcom.myshopify.com,rejected,,,,[],{},,,,,,,
aeronna-clothing.myshopify.com,rejected,,,,[],{},,,,,,,
af-systemtechnik.myshopify.com,rejected,,,,[],{},,,,,,,
af01bd-fz.myshopify.com,rejected,,,,[],{},,,,,,,
af81r4-nn.myshopify.com,rejected,,,,[],{},,,,,,,
affirmation-interiors.myshopify.com,rejected,,,,[],{},,,,,,,
afflecks-store.myshopify.com,rejected,,,,[],{},,,,,,,
affordable-homeschooling.myshopify.com,rejected,,,,[],{},,,,,,,
affordable-medical.myshopify.com,rejected,,,,[],{},,,,,,,
affranchi.myshopify.com,rejected,,,,[],{},,,,,,,
africam.myshopify.com,rejected,,,,[],{},,,,,,,
african-light-book-and-coffee-shop.myshopify.com,rejected,,,,[],{},,,,,,,
africanancestry.myshopify.com,rejected,,,,[],{},,,,,,,
africanfly.myshopify.com,rejected,,,,[],{},,,,,,,
africanmart.in,rejected,,,,[],{},,,,,,,
afroextended.myshopify.com,rejected,,,,[],{},,,,,,,
aftershokzuk.myshopify.com,rejected,,,,[],{},,,,,,,
afuarecordlabel.myshopify.com,rejected,,,,[],{},,,,,,,
agakubish.myshopify.com,rejected,,,,[],{},,,,,,,
agape-babies.myshopify.com,rejected,,,,[],{},,,,,,,
agavehartford.myshopify.com,rejected,,,,[],{},,,,,,,
age-lobster.myshopify.com,rejected,,,,[],{},,,,,,,
agebetter.myshopify.com,rejected,,,,[],{},,,,,,,
agents-of-gaming.myshopify.com,rejected,,,,[],{},,,,,,,
aggie-lal.myshopify.com,rejected,,,,[],{},,,,,,,
aggiesonmain.myshopify.com,rejected,,,,[],{},,,,,,,
agprefaccionarias.myshopify.com,rejected,,,,[],{},,,,,,,
agricola-street-books.myshopify.com,rejected,,,,[],{},,,,,,,
agrifoodinnovationcouncil.myshopify.com,rejected,,,,[],{},,,,,,,
agrishop-us.myshopify.com,rejected,,,,[],{},,,,,,,
ahava-il.myshopify.com,rejected,,,,[],{},,,,,,,
ahava-medspa.myshopify.com,rejected,,,,[],{},,,,,,,
ahca-publications.myshopify.com,rejected,,,,[],{},,,,,,,
ahcunningham.myshopify.com,rejected,,,,[],{},,,,,,,
ahmev.in,rejected,,,,[],{},,,,,,,
ahnne0-ea.myshopify.com,rejected,,,,[],{},,,,,,,
ai-edition-berlin.myshopify.com,rejected,,,,[],{},,,,,,,
aiim-international.myshopify.com,rejected,,,,[],{},,,,,,,
aikchinhin.myshopify.com,rejected,,,,[],{},,,,,,,
aim-horse.myshopify.com,rejected,,,,[],{},,,,,,,
aimee-nicotera-fitness.myshopify.com,rejected,,,,[],{},,,,,,,
aimeesthlm.myshopify.com,rejected,,,,[],{},,,,,,,
aimn-nextlevel.myshopify.com,rejected,,,,[],{},,,,,,,
ain-wr.myshopify.com,rejected,,,,[],{},,,,,,,
aina-keittiot.myshopify.com,rejected,,,,[],{},,,,,,,
air-seal-products-ltd.myshopify.com,rejected,,,,[],{},,,,,,,
aireal-yoga-store.myshopify.com,rejected,,,,[],{},,,,,,,
airesi.myshopify.com,rejected,,,,[],{},,,,,,,
airheadzllc.myshopify.com,rejected,,,,[],{},,,,,,,
airline-intl.myshopify.com,rejected,,,,[],{},,,,,,,
airline-videos.myshopify.com,rejected,,,,[],{},,,,,,,
airomedic.in,rejected,,,,[],{},,,,,,,
airpura-industries-ca.myshopify.com,rejected,,,,[],{},,,,,,,
airpure-com.myshopify.com,rejected,,,,[],{},,,,,,,
airrytmo.myshopify.com,rejected,,,,[],{},,,,,,,
airspeedjunkie.myshopify.com,rejected,,,,[],{},,,,,,,
ais-chair.myshopify.com,rejected,,,,[],{},,,,,,,
aisensor-live.myshopify.com,rejected,,,,[],{},,,,,,,
aisjky-yt.myshopify.com,rejected,,,,[],{},,,,,,,
aislacoat.myshopify.com,rejected,,,,[],{},,,,,,,
aislings-sweets-treats.myshopify.com,rejected,,,,[],{},,,,,,,
aitch-gbp.myshopify.com,rejected,,,,[],{},,,,,,,
aj-alexander.myshopify.com,rejected,,,,[],{},,,,,,,
aj-smith-music.myshopify.com,rejected,,,,[],{},,,,,,,
ajazzshop.myshopify.com,rejected,,,,[],{},,,,,,,
ajbxes-dy.myshopify.com,rejected,,,,[],{},,,,,,,
ajfasteners.myshopify.com,rejected,,,,[],{},,,,,,,
akaito-ec.myshopify.com,rejected,,,,[],{},,,,,,,
akaliko-design-shop.myshopify.com,rejected,,,,[],{},,,,,,,
akan-leather.myshopify.com,rejected,,,,[],{},,,,,,,
akardn.myshopify.com,rejected,,,,[],{},,,,,,,
akdeaa-30.myshopify.com,rejected,,,,[],{},,,,,,,
akenlo.myshopify.com,rejected,,,,[],{},,,,,,,
aki55b-wi.myshopify.com,rejected,,,,[],{},,,,,,,
akili-and-me.myshopify.com,rejected,,,,[],{},,,,,,,
akillersconfession.myshopify.com,rejected,,,,[],{},,,,,,,
akindofjune.myshopify.com,rejected,,,,[],{},,,,,,,
akishop-se.myshopify.com,rejected,,,,[],{},,,,,,,
akkjqz-pi.myshopify.com,rejected,,,,[],{},,,,,,,
akointerior.myshopify.com,rejected,,,,[],{},,,,,,,
akumuink.myshopify.com,rejected,,,,[],{},,,,,,,
akwetey.myshopify.com,rejected,,,,[],{},,,,,,,
al-scrubs2.myshopify.com,rejected,,,,[],{},,,,,,,
al22d.myshopify.com,rejected,,,,[],{},,,,,,,
alamomeatmarket.myshopify.com,rejected,,,,[],{},,,,,,,
alan-chan-creations.myshopify.com,rejected,,,,[],{},,,,,,,
alan-ross-photography.myshopify.com,rejected,,,,[],{},,,,,,,
alanna-lawley.myshopify.com,rejected,,,,[],{},,,,,,,
alarocquedesign.myshopify.com,rejected,,,,[],{},,,,,,,
alba-moreno-shop.myshopify.com,rejected,,,,[],{},,,,,,,
albany-hardware.myshopify.com,rejected,,,,[],{},,,,,,,
albanybedroom.myshopify.com,rejected,,,,[],{},,,,,,,
albertareformer.myshopify.com,rejected,,,,[],{},,,,,,,
albuso-rock-store.myshopify.com,rejected,,,,[],{},,,,,,,
alchemy-artisan-works.myshopify.com,rejected,,,,[],{},,,,,,,
alchemy-designs-by-bri.myshopify.com,rejected,,,,[],{},,,,,,,
alchemylights.myshopify.com,rejected,,,,[],{},,,,,,,
alcohol-change-uk.myshopify.com,rejected,,,,[],{},,,,,,,
alcovedecor.in,rejected,,,,[],{},,,,,,,
alder-creek.myshopify.com,rejected,,,,[],{},,,,,,,
alecak9.myshopify.com,rejected,,,,[],{},,,,,,,
alex-cozzolino-3174.myshopify.com,rejected,,,,[],{},,,,,,,
alex-gulko-custom-jewelry.myshopify.com,rejected,,,,[],{},,,,,,,
alex-williams-merchandise.myshopify.com,rejected,,,,[],{},,,,,,,
alexandcote.myshopify.com,rejected,,,,[],{},,,,,,,
alexandraneville.myshopify.com,rejected,,,,[],{},,,,,,,
alexandrawood.myshopify.com,rejected,,,,[],{},,,,,,,
alexis-diaz.myshopify.com,rejected,,,,[],{},,,,,,,
alexis-mattox-design.myshopify.com,rejected,,,,[],{},,,,,,,
alexis-wilkins-merch.myshopify.com,rejected,,,,[],{},,,,,,,
alexyule.myshopify.com,rejected,,,,[],{},,,,,,,
algaefoods.myshopify.com,rejected,,,,[],{},,,,,,,
alhor-ae.myshopify.com,rejected,,,,[],{},,,,,,,
ali-worldwide.myshopify.com,rejected,,,,[],{},,,,,,,
alicat-jewellery.myshopify.com,rejected,,,,[],{},,,,,,,
alice-coltrane.myshopify.com,rejected,,,,[],{},,,,,,,
alicea-davis.myshopify.com,rejected,,,,[],{},,,,,,,
aliciastockmanmusic.myshopify.com,rejected,,,,[],{},,,,,,,
aliments-trigone-fr.myshopify.com,rejected,,,,[],{},,,,,,,
aline-mobility.myshopify.com,rejected,,,,[],{},,,,,,,
alizuhome.myshopify.com,rejected,,,,[],{},,,,,,,
alkali-salt.myshopify.com,rejected,,,,[],{},,,,,,,
alkapure-it.myshopify.com,rejected,,,,[],{},,,,,,,
all-dandy-vending-machine-repair.myshopify.com,rejected,,,,[],{},,,,,,,
all-mixed-up-lacquers.myshopify.com,rejected,,,,[],{},,,,,,,
all-sett-health.myshopify.com,rejected,,,,[],{},,,,,,,
all-sportswear.myshopify.com,rejected,,,,[],{},,,,,,,
all-star-sports-cards.myshopify.com,rejected,,,,[],{},,,,,,,
all4racing.myshopify.com,rejected,,,,[],{},,,,,,,
allbasicyoga.myshopify.com,rejected,,,,[],{},,,,,,,
allbodiesonbikes.myshopify.com,rejected,,,,[],{},,,,,,,
allegiantvets.myshopify.com,rejected,,,,[],{},,,,,,,
allegrajordynshop.myshopify.com,rejected,,,,[],{},,,,,,,
allegrosolutions.myshopify.com,rejected,,,,[],{},,,,,,,
alley-cat-allies.myshopify.com,rejected,,,,[],{},,,,,,,
alliancerv.myshopify.com,rejected,,,,[],{},,,,,,,
allied-development-of-chicago.myshopify.com,rejected,,,,[],{},,,,,,,
alliepalmakes.myshopify.com,rejected,,,,[],{},,,,,,,
allison-cole-jewelry.myshopify.com,rejected,,,,[],{},,,,,,,
allisoneide.myshopify.com,rejected,,,,[],{},,,,,,,
alliswellandgood-store.myshopify.com,rejected,,,,[],{},,,,,,,
allofthisisforyou.myshopify.com,rejected,,,,[],{},,,,,,,
allscreen.myshopify.com,rejected,,,,[],{},,,,,,,
allspice-culinarium.myshopify.com,rejected,,,,[],{},,,,,,,
allum-and-sidaway-bridal.myshopify.com,rejected,,,,[],{},,,,,,,
allure-aesthetics.myshopify.com,rejected,,,,[],{},,,,,,,
allurenailbeautysupplies.myshopify.com,rejected,,,,[],{},,,,,,,
alluringaccessories.in,rejected,,,,[],{},,,,,,,
allvital-b2c-de-chf.myshopify.com,rejected,,,,[],{},,,,,,,
ally-boothroyd.myshopify.com,rejected,,,,[],{},,,,,,,
almacabio.myshopify.com,rejected,,,,[],{},,,,,,,
almacen-concept-store.myshopify.com,rejected,,,,[],{},,,,,,,
almas-art-foundation.myshopify.com,rejected,,,,[],{},,,,,,,
almaty-tattoo.myshopify.com,rejected,,,,[],{},,,,,,,
almich-golf.myshopify.com,rejected,,,,[],{},,,,,,,
almondprotein.myshopify.com,rejected,,,,[],{},,,,,,,
alnahar-jewerly.myshopify.com,rejected,,,,[],{},,,,,,,
alnicol.myshopify.com,rejected,,,,[],{},,,,,,,
aloha-lucy.myshopify.com,rejected,,,,[],{},,,,,,,
alohassandals.myshopify.com,rejected,,,,[],{},,,,,,,
alokvmenon.myshopify.com,rejected,,,,[],{},,,,,,,
alopecia-free.myshopify.com,rejected,,,,[],{},,,,,,,
alpaca-connection-imports.myshopify.com,rejected,,,,[],{},,,,,,,
alphabeautycosmetics.myshopify.com,rejected,,,,[],{},,,,,,,
alphadijk.myshopify.com,rejected,,,,[],{},,,,,,,
alphakbrand.myshopify.com,rejected,,,,[],{},,,,,,,
alpine-luddites.myshopify.com,rejected,,,,[],{},,,,,,,
alpine-steakhouse.myshopify.com,rejected,,,,[],{},,,,,,,
alpinefernatelier.myshopify.com,rejected,,,,[],{},,,,,,,
alquimistes.myshopify.com,rejected,,,,[],{},,,,,,,
als-garden-and-home.myshopify.com,rejected,,,,[],{},,,,,,,
alsace-tree.myshopify.com,rejected,,,,[],{},,,,,,,
alsacevanille.myshopify.com,rejected,,,,[],{},,,,,,,
altapasa.myshopify.com,rejected,,,,[],{},,,,,,,
altenew.myshopify.com,rejected,,,,[],{},,,,,,,
alter-brooklyn.myshopify.com,rejected,,,,[],{},,,,,,,
altered-reality-comics-and-gaming.myshopify.com,rejected,,,,[],{},,,,,,,
alternativestorestrial1.myshopify.com,rejected,,,,[],{},,,,,,,
althea-gray.myshopify.com,rejected,,,,[],{},,,,,,,
althea-routers.myshopify.com,rejected,,,,[],{},,,,,,,
altitudewater.myshopify.com,rejected,,,,[],{},,,,,,,
aluxurywatche.myshopify.com,rejected,,,,[],{},,,,,,,
always-christmas-ga.myshopify.com,rejected,,,,[],{},,,,,,,
alwaysprosper-sfvmxszg.myshopify.com,rejected,,,,[],{},,,,,,,
alx-gear.myshopify.com,rejected,,,,[],{},,,,,,,
alyandjoshua.myshopify.com,rejected,,,,[],{},,,,,,,
alyonacreates.myshopify.com,rejected,,,,[],{},,,,,,,
alyssadayguitar.myshopify.com,rejected,,,,[],{},,,,,,,
ama-weddings.myshopify.com,rejected,,,,[],{},,,,,,,
amanda-michele-art.myshopify.com,rejected,,,,[],{},,,,,,,
amandavaldes.myshopify.com,rejected,,,,[],{},,,,,,,
amani-camille.myshopify.com,rejected,,,,[],{},,,,,,,
amarillo-candle-company.myshopify.com,rejected,,,,[],{},,,,,,,
amaroq-tester.myshopify.com,rejected,,,,[],{},,,,,,,
amausa.myshopify.com,rejected,,,,[],{},,,,,,,
amazing-facts-india-bookstore.myshopify.com,rejected,,,,[],{},,,,,,,
amazing-greencare.myshopify.com,rejected,,,,[],{},,,,,,,
amber-lawrence-music.myshopify.com,rejected,,,,[],{},,,,,,,
ambercrown.myshopify.com,rejected,,,,[],{},,,,,,,
ambrosial.in,rejected,,,,[],{},,,,,,,
ame-gallery.myshopify.com,rejected,,,,[],{},,,,,,,
ameleco.myshopify.com,rejected,,,,[],{},,,,,,,
american-archaeology-abroad.myshopify.com,rejected,,,,[],{},,,,,,,
american-cornhole.myshopify.com,rejected,,,,[],{},,,,,,,
american-etch-llc.myshopify.com,rejected,,,,[],{},,,,,,,
american-marine-usa.myshopify.com,rejected,,,,[],{},,,,,,,
american-reich.myshopify.com,rejected,,,,[],{},,,,,,,
american-warrior-association.myshopify.com,rejected,,,,[],{},,,,,,,
americanalpineclub.myshopify.com,rejected,,,,[],{},,,,,,,
americanfortress-gear.myshopify.com,rejected,,,,[],{},,,,,,,
americanintake.myshopify.com,rejected,,,,[],{},,,,,,,
americanprovenance2.myshopify.com,rejected,,,,[],{},,,,,,,
americanrevivalministries.myshopify.com,rejected,,,,[],{},,,,,,,
ameroquois.myshopify.com,rejected,,,,[],{},,,,,,,
amerzahr.myshopify.com,rejected,,,,[],{},,,,,,,
amiraelfeky.myshopify.com,rejected,,,,[],{},,,,,,,
amolittapasta.myshopify.com,rejected,,,,[],{},,,,,,,
amongthewildflowersalacarte.myshopify.com,rejected,,,,[],{},,,,,,,
amor-por-vida.myshopify.com,rejected,,,,[],{},,,,,,,
amor-store.myshopify.com,rejected,,,,[],{},,,,,,,
amora-canada.myshopify.com,rejected,,,,[],{},,,,,,,
amorstores.myshopify.com,rejected,,,,[],{},,,,,,,
ampmech-estore.myshopify.com,rejected,,,,[],{},,,,,,,
amrapfitness.myshopify.com,rejected,,,,[],{},,,,,,,
ams-selectshop.myshopify.com,rejected,,,,[],{},,,,,,,
amsantiques.myshopify.com,rejected,,,,[],{},,,,,,,
amtaviation.in,rejected,,,,[],{},,,,,,,
amtmarinprodukter.myshopify.com,rejected,,,,[],{},,,,,,,
amusing-clay.myshopify.com,rejected,,,,[],{},,,,,,,
amy-shore-photography.myshopify.com,rejected,,,,[],{},,,,,,,
amylee-weeks.myshopify.com,rejected,,,,[],{},,,,,,,
amymalkan.myshopify.com,rejected,,,,[],{},,,,,,,
amys-country-candles.myshopify.com,rejected,,,,[],{},,,,,,,
amyscripts.myshopify.com,rejected,,,,[],{},,,,,,,
an-therapy.myshopify.com,rejected,,,,[],{},,,,,,,
anaditas.myshopify.com,rejected,,,,[],{},,,,,,,
anarchy-brew-co.myshopify.com,rejected,,,,[],{},,,,,,,
anastaciaaesthetics.myshopify.com,rejected,,,,[],{},,,,,,,
anatra-fire.myshopify.com,rejected,,,,[],{},,,,,,,
anbuermans.myshopify.com,rejected,,,,[],{},,,,,,,
ancagallery.myshopify.com,rejected,,,,[],{},,,,,,,
anchor-eighty-four-records.myshopify.com,rejected,,,,[],{},,,,,,,
anchor-group-enterprises.myshopify.com,rejected,,,,[],{},,,,,,,
and-claws.myshopify.com,rejected,,,,[],{},,,,,,,
anderson-design-group.myshopify.com,rejected,,,,[],{},,,,,,,
andiamocandleco.myshopify.com,rejected,,,,[],{},,,,,,,
andless2023.myshopify.com,rejected,,,,[],{},,,,,,,
andpants.myshopify.com,rejected,,,,[],{},,,,,,,
andreamoseler.myshopify.com,rejected,,,,[],{},,,,,,,
andrew-goodwin-designs.myshopify.com,rejected,,,,[],{},,,,,,,
andrew-ripp-merch.myshopify.com,rejected,,,,[],{},,,,,,,
andrewfieldfineart.myshopify.com,rejected,,,,[],{},,,,,,,
andrewhudson.myshopify.com,rejected,,,,[],{},,,,,,,
andrinimarmellate.myshopify.com,rejected,,,,[],{},,,,,,,
andy-timmons.myshopify.com,rejected,,,,[],{},,,,,,,
andys-orchard.myshopify.com,rejected,,,,[],{},,,,,,,
anekke-en-eu.myshopify.com,rejected,,,,[],{},,,,,,,
angel-devil-machine-merch.myshopify.com,rejected,,,,[],{},,,,,,,
angela-instruments.myshopify.com,rejected,,,,[],{},,,,,,,
angela-s-florals-n-more.myshopify.com,rejected,,,,[],{},,,,,,,
angelaan.myshopify.com,rejected,,,,[],{},,,,,,,
angelamariepottery.myshopify.com,rejected,,,,[],{},,,,,,,
angelawhitewenger.myshopify.com,rejected,,,,[],{},,,,,,,
angelluna.myshopify.com,rejected,,,,[],{},,,,,,,
angels-gate-cultural-center.myshopify.com,rejected,,,,[],{},,,,,,,
angle-3d-demo.myshopify.com,rejected,,,,[],{},,,,,,,
anglers-choice-tournament-tackle-store.myshopify.com,rejected,,,,[],{},,,,,,,
anglican-parishes-association.myshopify.com,rejected,,,,[],{},,,,,,,
anilaa.in,rejected,,,,[],{},,,,,,,
animal-lover-the-label.myshopify.com,rejected,,,,[],{},,,,,,,
animalimagemakers.myshopify.com,rejected,,,,[],{},,,,,,,
animalrooted.myshopify.com,rejected,,,,[],{},,,,,,,
anime-coast.myshopify.com,rejected,,,,[],{},,,,,,,
animerchworld.myshopify.com,rejected,,,,[],{},,,,,,,
anita-b-spa.myshopify.com,rejected,,,,[],{},,,,,,,
anker-dogs.myshopify.com,rejected,,,,[],{},,,,,,,
ann-marie-james.myshopify.com,rejected,,,,[],{},,,,,,,
anna-kiryakova.myshopify.com,rejected,,,,[],{},,,,,,,
anna-laura-govoni.myshopify.com,rejected,,,,[],{},,,,,,,
annabelle-demo1.myshopify.com,rejected,,,,[],{},,,,,,,
annahamilton.myshopify.com,rejected,,,,[],{},,,,,,,
annanicolesmith.myshopify.com,rejected,,,,[],{},,,,,,,
annatono.myshopify.com,rejected,,,,[],{},,,,,,,
anne-kueste.myshopify.com,rejected,,,,[],{},,,,,,,
annelies-visser.myshopify.com,rejected,,,,[],{},,,,,,,
annettevarichak.myshopify.com,rejected,,,,[],{},,,,,,,
annettevoneinem.myshopify.com,rejected,,,,[],{},,,,,,,
annevera.myshopify.com,rejected,,,,[],{},,,,,,,
anniecampbelldelivers.myshopify.com,rejected,,,,[],{},,,,,,,
annies-art-frame.myshopify.com,rejected,,,,[],{},,,,,,,
annies-paper-boutique.myshopify.com,rejected,,,,[],{},,,,,,,
annka-kultys-gallery.myshopify.com,rejected,,,,[],{},,,,,,,
anomalyaesthetic.myshopify.com,rejected,,,,[],{},,,,,,,
antarctic-press.myshopify.com,rejected,,,,[],{},,,,,,,
antelopeshoes.myshopify.com,rejected,,,,[],{},,,,,,,
antfarmsandaquariums.myshopify.com,rejected,,,,[],{},,,,,,,
antheiafarms.myshopify.com,rejected,,,,[],{},,,,,,,
anthony-ramos-official.myshopify.com,rejected,,,,[],{},,,,,,,
anthropy-test.myshopify.com,rejected,,,,[],{},,,,,,,
anthroschair.myshopify.com,rejected,,,,[],{},,,,,,,
antiquajoyeria.myshopify.com,rejected,,,,[],{},,,,,,,
antler-and-crown-provisions.myshopify.com,rejected,,,,[],{},,,,,,,
antoine-et-manuel-editions.myshopify.com,rejected,,,,[],{},,,,,,,
antrobo.myshopify.com,rejected,,,,[],{},,,,,,,
anuhea-jams.myshopify.com,rejected,,,,[],{},,,,,,,
anycubic-fr.myshopify.com,rejected,,,,[],{},,,,,,,
anzula.myshopify.com,rejected,,,,[],{},,,,,,,
aob-hair-products.myshopify.com,rejected,,,,[],{},,,,,,,
aod-cart-saver.myshopify.com,rejected,,,,[],{},,,,,,,
aoi-gin.myshopify.com,rejected,,,,[],{},,,,,,,
aok-craft-beer-arcade.myshopify.com,rejected,,,,[],{},,,,,,,
aoocci.com.in,rejected,,,,[],{},,,,,,,
ap-billen-ted.myshopify.com,rejected,,,,[],{},,,,,,,
ap-dinosaur-pile-up.myshopify.com,rejected,,,,[],{},,,,,,,
ap-eats-everything.myshopify.com,rejected,,,,[],{},,,,,,,
ap-eu-blonde-redhead.myshopify.com,rejected,,,,[],{},,,,,,,
ap-frogleap.myshopify.com,rejected,,,,[],{},,,,,,,
ap-gaffa-tape-sandy.myshopify.com,rejected,,,,[],{},,,,,,,
ap-they-think-its-all-sober.myshopify.com,rejected,,,,[],{},,,,,,,
apcpharma.myshopify.com,rejected,,,,[],{},,,,,,,
aperegina.myshopify.com,rejected,,,,[],{},,,,,,,
apexflowfuel.myshopify.com,rejected,,,,[],{},,,,,,,
apexsecurity.myshopify.com,rejected,,,,[],{},,,,,,,
aphasubscriptions.myshopify.com,rejected,,,,[],{},,,,,,,
aphelion-necrology.myshopify.com,rejected,,,,[],{},,,,,,,
aphrodites-cafe.myshopify.com,rejected,,,,[],{},,,,,,,
apicell.myshopify.com,rejected,,,,[],{},,,,,,,
apitzcomics.myshopify.com,rejected,,,,[],{},,,,,,,
apollored1.myshopify.com,rejected,,,,[],{},,,,,,,
apothecary-extracts-gear.myshopify.com,rejected,,,,[],{},,,,,,,
appalachian-distillery.myshopify.com,rejected,,,,[],{},,,,,,,
appalshop.myshopify.com,rejected,,,,[],{},,,,,,,
appify-pwa.myshopify.com,rejected,,,,[],{},,,,,,,
appleblossomway.myshopify.com,rejected,,,,[],{},,,,,,,
appliancepartstore.myshopify.com,rejected,,,,[],{},,,,,,,
appu-series.myshopify.com,rejected,,,,[],{},,,,,,,
apresdrinks.myshopify.com,rejected,,,,[],{},,,,,,,
aprilsonmain.myshopify.com,rejected,,,,[],{},,,,,,,
apronempowered.myshopify.com,rejected,,,,[],{},,,,,,,
apstherapy.myshopify.com,rejected,,,,[],{},,,,,,,
apy-gallery.myshopify.com,rejected,,,,[],{},,,,,,,
aqua-forest-aquarium.myshopify.com,rejected,,,,[],{},,,,,,,
aquapurefilters.myshopify.com,rejected,,,,[],{},,,,,,,
aquaticus.myshopify.com,rejected,,,,[],{},,,,,,,
aqwyd8-ns.myshopify.com,rejected,,,,[],{},,,,,,,
ar-classic-records.myshopify.com,rejected,,,,[],{},,,,,,,
arabmusk-eu.myshopify.com,rejected,,,,[],{},,,,,,,
araigofukuten-eshop.myshopify.com,rejected,,,,[],{},,,,,,,
arborliving.in,rejected,,,,[],{},,,,,,,
arc-poetry-magazine.myshopify.com,rejected,,,,[],{},,,,,,,
arcade-sports.myshopify.com,rejected,,,,[],{},,,,,,,
arcadev1.myshopify.com,rejected,,,,[],{},,,,,,,
arcadiacalzature.myshopify.com,rejected,,,,[],{},,,,,,,
arcadiodiaz.myshopify.com,rejected,,,,[],{},,,,,,,
archemcom.myshopify.com,rejected,,,,[],{},,,,,,,
archers-konkatsu.myshopify.com,rejected,,,,[],{},,,,,,,
archery-world-4425.myshopify.com,rejected,,,,[],{},,,,,,,
archerywarehouse.myshopify.com,rejected,,,,[],{},,,,,,,
archive-books-berlin.myshopify.com,rejected,,,,[],{},,,,,,,
archivestore-official-ec.myshopify.com,rejected,,,,[],{},,,,,,,
archivio-sud.myshopify.com,rejected,,,,[],{},,,,,,,
archtopcafe.myshopify.com,rejected,,,,[],{},,,,,,,
arctic-brewing-supply.myshopify.com,rejected,,,,[],{},,,,,,,
arctic-restaurant-solutions.myshopify.com,rejected,,,,[],{},,,,,,,
ardan-labs-swag-store.myshopify.com,rejected,,,,[],{},,,,,,,
arden-cove.myshopify.com,rejected,,,,[],{},,,,,,,
arealromantic.myshopify.com,rejected,,,,[],{},,,,,,,
arenlace.myshopify.com,rejected,,,,[],{},,,,,,,
